id,safe,nudity,violence
0,1,0,0
1,1,0,0
2,1,0,0
3,1,0,0
4,1,0,0
5,1,0,0
6,1,0,0
7,1,0,0
8,0,1,0
9,1,0,0
10,1,0,0
11,1,0,0
12,1,0,0
13,1,0,0
14,0,0,1
15,1,0,0
16,0,1,0
17,0,1,0
18,0,1,0
19,1,0,0
20,1,0,0
21,0,1,0
22,1,0,0
23,1,0,0
24,1,0,0
25,1,0,0
26,1,0,0
27,0,1,0
28,1,0,0
29,0,1,0
30,0,1,0
31,0,1,0
32,1,0,0
33,1,0,0
34,1,0,0
35,0,1,0
36,0,0,1
37,1,0,0
38,1,0,0
39,0,1,0
40,1,0,0
41,1,0,0
42,1,0,0
43,1,0,0
44,0,1,0
45,1,0,0
46,1,0,0
47,1,0,0
48,0,1,0
49,1,0,0
50,0,1,0
51,1,0,0
52,0,1,0
53,1,0,0
54,1,0,0
55,1,0,0
56,1,0,0
57,0,1,0
58,1,0,0
59,1,0,0
60,1,0,0
61,1,0,0
62,0,1,0
63,0,1,0
64,1,0,0
65,1,0,0
66,0,1,0
67,0,1,0
68,0,1,0
69,0,1,0
70,1,0,0
71,0,1,0
72,0,1,0
73,1,0,0
74,1,0,0
75,0,1,0
76,0,1,0
77,0,1,0
78,0,1,0
79,1,0,0
80,0,1,0
81,0,1,0
82,1,0,0
83,0,1,0
84,1,0,0
85,1,0,0
86,0,1,0
87,0,1,0
88,1,0,0
89,1,0,0
90,1,0,0
91,0,1,0
92,0,1,0
93,0,1,0
94,1,0,0
95,1,0,0
96,0,1,0
97,1,0,0
98,0,1,0
99,0,1,0
100,0,1,0
101,0,1,0
102,1,0,0
103,0,1,0
104,1,0,0
105,1,0,0
106,0,1,0
107,0,1,0
108,0,1,0
109,1,0,0
110,0,1,0
111,1,0,0
112,1,0,0
113,0,1,0
114,1,0,0
115,1,0,0
116,1,0,0
117,0,1,0
118,0,1,0
119,0,1,0
120,1,0,0
121,0,1,0
122,1,0,0
123,0,1,0
124,0,1,0
125,1,0,0
126,0,1,0
127,0,1,0
128,1,0,0
129,1,0,0
130,0,1,0
131,0,1,0
132,0,1,0
133,0,1,0
134,1,0,0
135,0,1,0
136,0,1,0
137,1,0,0
138,0,1,0
139,0,1,0
140,0,1,0
141,0,1,0
142,1,0,0
143,0,1,0
144,0,1,0
145,1,0,0
146,1,0,0
147,1,0,0
148,1,0,0
149,0,1,0
150,1,0,0
151,1,0,0
152,0,1,0
153,0,1,0
154,0,1,0
155,1,0,0
156,1,0,0
157,1,0,0
158,0,1,0
159,1,0,0
160,0,1,0
161,0,1,0
162,1,0,0
163,0,1,0
164,1,0,0
165,1,0,0
166,0,1,0
167,0,1,0
168,1,0,0
169,0,1,0
170,0,1,0
171,0,0,1
172,1,0,0
173,1,0,0
174,0,1,0
175,0,1,0
176,0,1,0
177,1,0,0
178,1,0,0
179,1,0,0
180,0,1,0
181,0,1,0
182,1,0,0
183,1,0,0
184,0,1,0
185,1,0,0
186,0,1,0
187,0,1,0
188,0,1,0
189,0,1,0
190,0,1,0
191,0,1,0
192,1,0,0
193,0,1,0
194,0,1,0
195,1,0,0
196,0,1,0
197,0,1,0
198,0,1,0
199,0,1,0
200,0,1,0
201,0,1,0
202,1,0,0
203,1,0,0
204,0,1,0
205,1,0,0
206,1,0,0
207,0,1,0
208,1,0,0
209,0,1,0
210,0,1,0
211,1,0,0
212,1,0,0
213,0,1,0
214,1,0,0
215,0,1,0
216,1,0,0
217,0,1,0
218,1,0,0
219,1,0,0
220,1,0,0
221,0,1,0
222,1,0,0
223,1,0,0
224,1,0,0
225,1,0,0
226,0,1,0
227,1,0,0
228,1,0,0
229,0,1,0
230,1,0,0
231,1,0,0
232,1,0,0
233,1,0,0
234,0,1,0
235,1,0,0
236,1,0,0
237,1,0,0
238,1,0,0
239,0,1,0
240,1,0,0
241,0,1,0
242,0,1,0
243,1,0,0
244,0,1,0
245,0,1,0
246,1,0,0
247,1,0,0
248,0,1,0
249,0,1,0
250,1,0,0
251,1,0,0
252,0,1,0
253,1,0,0
254,0,1,0
255,1,0,0
256,0,1,0
257,0,1,0
258,0,1,0
259,1,0,0
260,1,0,0
261,1,0,0
262,0,1,0
263,0,1,0
264,0,1,0
265,1,0,0
266,1,0,0
267,0,1,0
268,1,0,0
269,0,1,0
270,0,1,0
271,1,0,0
272,1,0,0
273,1,0,0
274,0,1,0
275,1,0,0
276,0,1,0
277,0,1,0
278,0,1,0
279,0,1,0
280,1,0,0
281,1,0,0
282,1,0,0
283,0,1,0
284,1,0,0
285,0,1,0
286,0,1,0
287,0,1,0
288,1,0,0
289,1,0,0
290,0,1,0
291,0,1,0
292,1,0,0
293,0,1,0
294,1,0,0
295,1,0,0
296,0,1,0
297,1,0,0
298,0,1,0
299,0,1,0
300,0,1,0
301,0,1,0
302,1,0,0
303,0,1,0
304,0,1,0
305,1,0,0
306,0,1,0
307,1,0,0
308,1,0,0
309,1,0,0
310,0,1,0
311,0,1,0
312,0,1,0
313,1,0,0
314,0,1,0
315,0,1,0
316,0,1,0
317,0,1,0
318,0,1,0
319,0,0,1
320,0,1,0
321,1,0,0
322,1,0,0
323,1,0,0
324,1,0,0
325,0,1,0
326,1,0,0
327,0,1,0
328,1,0,0
329,0,1,0
330,0,1,0
331,0,1,0
332,1,0,0
333,1,0,0
334,0,1,0
335,1,0,0
336,1,0,0
337,0,1,0
338,1,0,0
339,0,1,0
340,1,0,0
341,0,1,0
342,1,0,0
343,1,0,0
344,0,1,0
345,1,0,0
346,0,1,0
347,0,1,0
348,1,0,0
349,0,1,0
350,1,0,0
351,0,1,0
352,0,1,0
353,1,0,0
354,1,0,0
355,0,1,0
356,0,1,0
357,1,0,0
358,1,0,0
359,0,1,0
360,0,1,0
361,1,0,0
362,1,0,0
363,0,1,0
364,1,0,0
365,0,1,0
366,0,1,0
367,1,0,0
368,0,1,0
369,0,1,0
370,1,0,0
371,1,0,0
372,1,0,0
373,0,0,1
374,0,1,0
375,0,1,0
376,0,1,0
377,0,1,0
378,1,0,0
379,1,0,0
380,1,0,0
381,1,0,0
382,1,0,0
383,1,0,0
384,0,1,0
385,1,0,0
386,0,1,0
387,1,0,0
388,1,0,0
389,1,0,0
390,1,0,0
391,0,1,0
392,1,0,0
393,0,1,0
394,0,1,0
395,0,1,0
396,1,0,0
397,1,0,0
398,1,0,0
399,0,1,0
400,1,0,0
401,0,1,0
402,1,0,0
403,0,1,0
404,0,1,0
405,0,1,0
406,0,1,0
407,0,1,0
408,1,0,0
409,1,0,0
410,0,1,0
411,0,1,0
412,1,0,0
413,1,0,0
414,0,1,0
415,0,1,0
416,0,1,0
417,1,0,0
418,0,1,0
419,0,1,0
420,1,0,0
421,0,1,0
422,1,0,0
423,0,1,0
424,1,0,0
425,0,1,0
426,0,1,0
427,0,1,0
428,0,1,0
429,0,1,0
430,1,0,0
431,1,0,0
432,0,1,0
433,0,1,0
434,0,1,0
435,0,1,0
436,0,1,0
437,0,1,0
438,1,0,0
439,1,0,0
440,0,1,0
441,0,1,0
442,0,1,0
443,1,0,0
444,0,1,0
445,1,0,0
446,1,0,0
447,0,1,0
448,0,1,0
449,0,1,0
450,1,0,0
451,1,0,0
452,1,0,0
453,1,0,0
454,1,0,0
455,0,1,0
456,1,0,0
457,1,0,0
458,1,0,0
459,0,1,0
460,1,0,0
461,0,1,0
462,1,0,0
463,0,1,0
464,0,1,0
465,1,0,0
466,1,0,0
467,1,0,0
468,0,1,0
469,1,0,0
470,1,0,0
471,1,0,0
472,1,0,0
473,1,0,0
474,1,0,0
475,1,0,0
476,0,1,0
477,0,1,0
478,1,0,0
479,0,1,0
480,1,0,0
481,1,0,0
482,0,1,0
483,0,1,0
484,1,0,0
485,1,0,0
486,0,1,0
487,1,0,0
488,1,0,0
489,1,0,0
490,0,1,0
491,0,1,0
492,0,1,0
493,0,1,0
494,1,0,0
495,1,0,0
496,0,1,0
497,1,0,0
498,1,0,0
499,1,0,0
500,0,1,0
501,0,1,0
502,1,0,0
503,0,1,0
504,0,1,0
505,1,0,0
506,1,0,0
507,1,0,0
508,0,1,0
509,0,1,0
510,1,0,0
511,0,1,0
512,0,1,0
513,0,1,0
514,1,0,0
515,0,1,0
516,0,1,0
517,1,0,0
518,0,1,0
519,1,0,0
520,0,1,0
521,0,0,1
522,0,1,0
523,1,0,0
524,0,1,0
525,0,0,1
526,0,1,0
527,0,1,0
528,0,1,0
529,1,0,0
530,1,0,0
531,0,1,0
532,0,1,0
533,0,1,0
534,1,0,0
535,1,0,0
536,0,1,0
537,0,1,0
538,0,1,0
539,0,1,0
540,1,0,0
541,1,0,0
542,0,1,0
543,1,0,0
544,0,1,0
545,0,1,0
546,0,1,0
547,0,1,0
548,1,0,0
549,1,0,0
550,1,0,0
551,0,1,0
552,1,0,0
553,1,0,0
554,1,0,0
555,0,1,0
556,0,1,0
557,1,0,0
558,1,0,0
559,1,0,0
560,1,0,0
561,0,1,0
562,1,0,0
563,1,0,0
564,0,1,0
565,1,0,0
566,0,1,0
567,0,1,0
568,1,0,0
569,1,0,0
570,1,0,0
571,1,0,0
572,0,1,0
573,1,0,0
574,0,1,0
575,0,1,0
576,0,1,0
577,0,1,0
578,1,0,0
579,0,1,0
580,0,1,0
581,0,1,0
582,0,1,0
583,1,0,0
584,0,1,0
585,1,0,0
586,1,0,0
587,1,0,0
588,1,0,0
589,1,0,0
590,0,1,0
591,1,0,0
592,0,1,0
593,0,1,0
594,1,0,0
595,1,0,0
596,0,1,0
597,1,0,0
598,0,1,0
599,0,1,0
600,1,0,0
601,0,1,0
602,1,0,0
603,1,0,0
604,0,1,0
605,0,1,0
606,1,0,0
607,0,1,0
608,0,1,0
609,0,1,0
610,0,1,0
611,1,0,0
612,1,0,0
613,1,0,0
614,0,0,1
615,1,0,0
616,0,1,0
617,0,1,0
618,1,0,0
619,0,1,0
620,1,0,0
621,1,0,0
622,0,1,0
623,0,1,0
624,1,0,0
625,0,1,0
626,1,0,0
627,0,1,0
628,1,0,0
629,1,0,0
630,1,0,0
631,1,0,0
632,1,0,0
633,1,0,0
634,0,1,0
635,0,1,0
636,1,0,0
637,0,1,0
638,0,1,0
639,0,1,0
640,1,0,0
641,1,0,0
642,0,1,0
643,1,0,0
644,0,1,0
645,0,0,1
646,1,0,0
647,1,0,0
648,0,1,0
649,0,1,0
650,0,1,0
651,0,1,0
652,1,0,0
653,1,0,0
654,0,1,0
655,1,0,0
656,0,1,0
657,1,0,0
658,1,0,0
659,0,1,0
660,0,1,0
661,0,1,0
662,1,0,0
663,1,0,0
664,0,1,0
665,0,1,0
666,0,1,0
667,0,1,0
668,0,1,0
669,1,0,0
670,1,0,0
671,0,1,0
672,0,1,0
673,0,1,0
674,1,0,0
675,0,1,0
676,0,1,0
677,0,1,0
678,0,1,0
679,0,1,0
680,1,0,0
681,1,0,0
682,0,1,0
683,1,0,0
684,1,0,0
685,0,1,0
686,1,0,0
687,1,0,0
688,0,1,0
689,0,1,0
690,0,1,0
691,1,0,0
692,0,1,0
693,1,0,0
694,1,0,0
695,0,1,0
696,1,0,0
697,1,0,0
698,0,1,0
699,1,0,0
700,1,0,0
701,1,0,0
702,0,1,0
703,1,0,0
704,0,1,0
705,1,0,0
706,1,0,0
707,1,0,0
708,1,0,0
709,0,1,0
710,0,1,0
711,1,0,0
712,0,1,0
713,0,1,0
714,0,0,1
715,0,1,0
716,0,1,0
717,0,1,0
718,0,1,0
719,1,0,0
720,1,0,0
721,1,0,0
722,1,0,0
723,0,1,0
724,0,1,0
725,0,1,0
726,0,1,0
727,0,1,0
728,0,1,0
729,0,1,0
730,0,1,0
731,0,1,0
732,0,1,0
733,0,1,0
734,1,0,0
735,1,0,0
736,1,0,0
737,0,1,0
738,0,1,0
739,0,1,0
740,1,0,0
741,0,1,0
742,0,1,0
743,0,1,0
744,1,0,0
745,1,0,0
746,1,0,0
747,0,1,0
748,0,1,0
749,1,0,0
750,0,1,0
751,1,0,0
752,0,1,0
753,0,1,0
754,1,0,0
755,0,1,0
756,0,1,0
757,1,0,0
758,0,1,0
759,1,0,0
760,0,1,0
761,1,0,0
762,0,1,0
763,0,1,0
764,0,1,0
765,0,1,0
766,1,0,0
767,0,1,0
768,1,0,0
769,1,0,0
770,1,0,0
771,0,1,0
772,0,1,0
773,0,1,0
774,0,1,0
775,1,0,0
776,0,1,0
777,0,1,0
778,0,1,0
779,1,0,0
780,1,0,0
781,0,1,0
782,1,0,0
783,1,0,0
784,1,0,0
785,0,1,0
786,1,0,0
787,0,1,0
788,0,1,0
789,0,1,0
790,0,1,0
791,0,1,0
792,0,1,0
793,1,0,0
794,0,1,0
795,1,0,0
796,1,0,0
797,0,1,0
798,0,1,0
799,1,0,0
800,1,0,0
801,0,1,0
802,0,1,0
803,0,1,0
804,1,0,0
805,0,1,0
806,1,0,0
807,1,0,0
808,0,1,0
809,1,0,0
810,0,1,0
811,0,1,0
812,0,1,0
813,1,0,0
814,0,1,0
815,0,1,0
816,1,0,0
817,1,0,0
818,1,0,0
819,0,1,0
820,0,1,0
821,1,0,0
822,0,1,0
823,0,1,0
824,1,0,0
825,0,1,0
826,1,0,0
827,0,1,0
828,0,1,0
829,1,0,0
830,0,1,0
831,1,0,0
832,1,0,0
833,0,1,0
834,0,1,0
835,0,1,0
836,1,0,0
837,0,1,0
838,1,0,0
839,0,1,0
840,1,0,0
841,0,1,0
842,0,1,0
843,0,1,0
844,0,1,0
845,1,0,0
846,0,1,0
847,0,0,1
848,1,0,0
849,0,1,0
850,1,0,0
851,1,0,0
852,1,0,0
853,0,1,0
854,0,1,0
855,0,1,0
856,0,1,0
857,0,1,0
858,1,0,0
859,1,0,0
860,1,0,0
861,1,0,0
862,1,0,0
863,0,1,0
864,0,1,0
865,1,0,0
866,1,0,0
867,0,1,0
868,0,1,0
869,0,1,0
870,0,1,0
871,0,1,0
872,1,0,0
873,0,1,0
874,1,0,0
875,1,0,0
876,0,1,0
877,1,0,0
878,1,0,0
879,0,1,0
880,1,0,0
881,0,1,0
882,0,1,0
883,1,0,0
884,0,1,0
885,0,1,0
886,0,0,1
887,0,1,0
888,0,1,0
889,0,1,0
890,0,1,0
891,1,0,0
892,0,1,0
893,0,1,0
894,0,1,0
895,0,0,1
896,1,0,0
897,1,0,0
898,1,0,0
899,1,0,0
900,0,1,0
901,1,0,0
902,1,0,0
903,1,0,0
904,1,0,0
905,1,0,0
906,0,1,0
907,1,0,0
908,1,0,0
909,0,0,1
910,0,1,0
911,0,1,0
912,1,0,0
913,0,1,0
914,1,0,0
915,1,0,0
916,1,0,0
917,1,0,0
918,0,1,0
919,0,1,0
920,0,1,0
921,0,1,0
922,1,0,0
923,0,1,0
924,1,0,0
925,0,1,0
926,0,1,0
927,0,1,0
928,0,1,0
929,1,0,0
930,1,0,0
931,1,0,0
932,1,0,0
933,0,1,0
934,0,1,0
935,1,0,0
936,0,1,0
937,0,1,0
938,0,1,0
939,0,1,0
940,1,0,0
941,1,0,0
942,0,1,0
943,1,0,0
944,0,1,0
945,1,0,0
946,1,0,0
947,1,0,0
948,1,0,0
949,0,1,0
950,0,0,1
951,0,1,0
952,0,1,0
953,1,0,0
954,0,1,0
955,1,0,0
956,1,0,0
957,0,1,0
958,0,1,0
959,0,1,0
960,0,1,0
961,1,0,0
962,1,0,0
963,1,0,0
964,0,1,0
965,0,1,0
966,0,1,0
967,0,1,0
968,1,0,0
969,0,1,0
970,0,1,0
971,0,1,0
972,1,0,0
973,0,1,0
974,1,0,0
975,0,1,0
976,0,1,0
977,0,1,0
978,1,0,0
979,1,0,0
980,1,0,0
981,0,1,0
982,0,1,0
983,1,0,0
984,0,1,0
985,1,0,0
986,0,1,0
987,0,1,0
988,1,0,0
989,1,0,0
990,0,1,0
991,0,1,0
992,0,1,0
993,1,0,0
994,1,0,0
995,1,0,0
996,1,0,0
997,1,0,0
998,1,0,0
999,1,0,0
1000,1,0,0
1001,0,1,0
1002,0,1,0
1003,0,1,0
1004,1,0,0
1005,1,0,0
1006,0,1,0
1007,0,1,0
1008,0,1,0
1009,0,1,0
1010,0,1,0
1011,0,1,0
1012,0,1,0
1013,1,0,0
1014,0,1,0
1015,0,1,0
1016,1,0,0
1017,1,0,0
1018,0,1,0
1019,1,0,0
1020,1,0,0
1021,1,0,0
1022,0,1,0
1023,0,1,0
1024,1,0,0
1025,1,0,0
1026,1,0,0
1027,1,0,0
1028,1,0,0
1029,1,0,0
1030,1,0,0
1031,1,0,0
1032,1,0,0
1033,0,1,0
1034,1,0,0
1035,1,0,0
1036,0,1,0
1037,0,1,0
1038,0,1,0
1039,0,1,0
1040,0,1,0
1041,1,0,0
1042,0,1,0
1043,1,0,0
1044,1,0,0
1045,1,0,0
1046,1,0,0
1047,0,1,0
1048,0,1,0
1049,0,1,0
1050,1,0,0
1051,1,0,0
1052,1,0,0
1053,0,1,0
1054,0,1,0
1055,1,0,0
1056,0,1,0
1057,1,0,0
1058,1,0,0
1059,0,1,0
1060,1,0,0
1061,0,1,0
1062,0,1,0
1063,0,1,0
1064,0,1,0
1065,0,1,0
1066,0,1,0
1067,1,0,0
1068,1,0,0
1069,1,0,0
1070,1,0,0
1071,1,0,0
1072,0,1,0
1073,1,0,0
1074,1,0,0
1075,0,1,0
1076,1,0,0
1077,0,1,0
1078,0,1,0
1079,1,0,0
1080,0,1,0
1081,0,1,0
1082,1,0,0
1083,1,0,0
1084,1,0,0
1085,1,0,0
1086,1,0,0
1087,0,1,0
1088,0,1,0
1089,1,0,0
1090,0,1,0
1091,0,1,0
1092,1,0,0
1093,1,0,0
1094,1,0,0
1095,0,1,0
1096,0,1,0
1097,1,0,0
1098,1,0,0
1099,1,0,0
1100,1,0,0
1101,0,1,0
1102,0,1,0
1103,1,0,0
1104,1,0,0
1105,0,1,0
1106,1,0,0
1107,0,1,0
1108,0,1,0
1109,1,0,0
1110,1,0,0
1111,1,0,0
1112,1,0,0
1113,1,0,0
1114,0,1,0
1115,0,1,0
1116,1,0,0
1117,0,1,0
1118,0,1,0
1119,0,1,0
1120,0,0,1
1121,1,0,0
1122,0,1,0
1123,0,1,0
1124,0,1,0
1125,1,0,0
1126,1,0,0
1127,1,0,0
1128,1,0,0
1129,0,1,0
1130,1,0,0
1131,0,1,0
1132,1,0,0
1133,1,0,0
1134,0,1,0
1135,0,1,0
1136,0,1,0
1137,0,1,0
1138,1,0,0
1139,0,1,0
1140,0,1,0
1141,1,0,0
1142,1,0,0
1143,0,1,0
1144,0,1,0
1145,0,1,0
1146,1,0,0
1147,0,1,0
1148,1,0,0
1149,0,1,0
1150,1,0,0
1151,0,1,0
1152,1,0,0
1153,0,1,0
1154,1,0,0
1155,0,1,0
1156,0,1,0
1157,1,0,0
1158,0,1,0
1159,1,0,0
1160,0,1,0
1161,1,0,0
1162,0,1,0
1163,0,1,0
1164,1,0,0
1165,0,1,0
1166,1,0,0
1167,0,1,0
1168,1,0,0
1169,0,1,0
1170,0,1,0
1171,0,1,0
1172,1,0,0
1173,1,0,0
1174,1,0,0
1175,1,0,0
1176,1,0,0
1177,1,0,0
1178,1,0,0
1179,1,0,0
1180,1,0,0
1181,0,0,1
1182,0,0,1
1183,1,0,0
1184,1,0,0
1185,1,0,0
1186,1,0,0
1187,1,0,0
1188,1,0,0
1189,1,0,0
1190,1,0,0
1191,1,0,0
1192,1,0,0
1193,1,0,0
1194,1,0,0
1195,1,0,0
1196,1,0,0
1197,1,0,0
1198,1,0,0
1199,1,0,0
1200,1,0,0
1201,1,0,0
1202,1,0,0
1203,1,0,0
1204,1,0,0
1205,1,0,0
1206,1,0,0
1207,1,0,0
1208,1,0,0
1209,1,0,0
1210,1,0,0
1211,1,0,0
1212,1,0,0
1213,1,0,0
1214,1,0,0
1215,1,0,0
1216,1,0,0
1217,1,0,0
1218,1,0,0
1219,0,0,0
1220,1,0,0
1221,0,0,1
1222,1,0,0
1223,1,0,0
1224,1,0,0
1225,1,0,0
1226,1,0,0
1227,1,0,0
1228,1,0,0
1229,0,0,1
1230,1,0,0
1231,1,0,0
1232,1,0,0
1233,1,0,0
1234,1,0,0
1235,1,0,0
1236,1,0,0
1237,1,0,0
1238,1,0,0
1239,1,0,0
1240,1,0,0
1241,1,0,0
1242,1,0,0
1243,1,0,0
1244,1,0,0
1245,1,0,0
1246,1,0,0
1247,1,0,0
1248,1,0,0
1249,1,0,0
1250,1,0,0
1251,1,0,0
1252,1,0,0
1253,1,0,0
1254,1,0,0
1255,1,0,0
1256,1,0,0
1257,1,0,0
1258,1,0,0
1259,1,0,0
1260,1,0,0
1261,1,0,0
1262,1,0,0
1263,1,0,0
1264,1,0,0
1265,1,0,0
1266,1,0,0
1267,1,0,0
1268,1,0,0
1269,1,0,0
1270,1,0,0
1271,1,0,0
1272,1,0,0
1273,1,0,0
1274,1,0,0
1275,1,0,0
1276,1,0,0
1277,1,0,0
1278,1,0,0
1279,1,0,0
1280,1,0,0
1281,1,0,0
1282,1,0,0
1283,1,0,0
1284,1,0,0
1285,1,0,0
1286,1,0,0
1287,1,0,0
1288,1,0,0
1289,1,0,0
1290,1,0,0
1291,1,0,0
1292,1,0,0
1293,1,0,0
1294,1,0,0
1295,1,0,0
1296,1,0,0
1297,1,0,0
1298,1,0,0
1299,1,0,0
1300,1,0,0
1301,1,0,0
1302,1,0,0
1303,1,0,0
1304,1,0,0
1305,1,0,0
1306,1,0,0
1307,1,0,0
1308,1,0,0
1309,1,0,0
1310,1,0,0
1311,1,0,0
1312,1,0,0
1313,1,0,0
1314,1,0,0
1315,1,0,0
1316,1,0,0
1317,1,0,0
1318,1,0,0
1319,1,0,0
1320,1,0,0
1321,1,0,0
1322,1,0,0
1323,1,0,0
1324,1,0,0
1325,1,0,0
1326,1,0,0
1327,1,0,0
1328,1,0,0
1329,1,0,0
1330,1,0,0
1331,1,0,0
1332,1,0,0
1333,1,0,0
1334,1,0,0
1335,1,0,0
1336,1,0,0
1337,1,0,0
1338,1,0,0
1339,1,0,0
1340,1,0,0
1341,1,0,0
1342,1,0,0
1343,1,0,0
1344,1,0,0
1345,0,0,1
1346,1,0,0
1347,1,0,0
1348,1,0,0
1349,1,0,0
1350,1,0,0
1351,1,0,0
1352,1,0,0
1353,1,0,0
1354,1,0,0
1355,1,0,0
1356,1,0,0
1357,1,0,0
1358,1,0,0
1359,1,0,0
1360,1,0,0
1361,1,0,0
1362,1,0,0
1363,1,0,0
1364,1,0,0
1365,1,0,0
1366,1,0,0
1367,1,0,0
1368,1,0,0
1369,1,0,0
1370,1,0,0
1371,1,0,0
1372,1,0,0
1373,1,0,0
1374,1,0,0
1375,1,0,0
1376,1,0,0
1377,1,0,0
1378,0,1,0
1379,1,0,0
1380,1,0,0
1381,1,0,0
1382,1,0,0
1383,1,0,0
1384,1,0,0
1385,1,0,0
1386,1,0,0
1387,1,0,0
1388,1,0,0
1389,1,0,0
1390,1,0,0
1391,1,0,0
1392,1,0,0
1393,1,0,0
1394,1,0,0
1395,1,0,0
1396,1,0,0
1397,1,0,0
1398,1,0,0
1399,1,0,0
1400,1,0,0
1401,1,0,0
1402,1,0,0
1403,1,0,0
1404,1,0,0
1405,1,0,0
1406,1,0,0
1407,1,0,0
1408,1,0,0
1409,1,0,0
1410,1,0,0
1411,1,0,0
1412,1,0,0
1413,1,0,0
1414,1,0,0
1415,1,0,0
1416,1,0,0
1417,1,0,0
1418,1,0,0
1419,1,0,0
1420,1,0,0
1421,1,0,0
1422,1,0,0
1423,1,0,0
1424,1,0,0
1425,1,0,0
1426,1,0,0
1427,1,0,0
1428,1,0,0
1429,1,0,0
1430,1,0,0
1431,1,0,0
1432,1,0,0
1433,1,0,0
1434,1,0,0
1435,1,0,0
1436,1,0,0
1437,1,0,0
1438,1,0,0
1439,1,0,0
1440,1,0,0
1441,1,0,0
1442,1,0,0
1443,1,0,0
1444,1,0,0
1445,1,0,0
1446,1,0,0
1447,1,0,0
1448,1,0,0
1449,1,0,0
1450,1,0,0
1451,1,0,0
1452,1,0,0
1453,1,0,0
1454,1,0,0
1455,1,0,0
1456,1,0,0
1457,1,0,0
1458,1,0,0
1459,1,0,0
1460,1,0,0
1461,1,0,0
1462,1,0,0
1463,1,0,0
1464,1,0,0
1465,1,0,0
1466,1,0,0
1467,1,0,0
1468,1,0,0
1469,1,0,0
1470,1,0,0
1471,1,0,0
1472,1,0,0
1473,1,0,0
1474,1,0,0
1475,1,0,0
1476,1,0,0
1477,1,0,0
1478,1,0,0
1479,1,0,0
1480,1,0,0
1481,1,0,0
1482,1,0,0
1483,1,0,0
1484,1,0,0
1485,1,0,0
1486,1,0,0
1487,1,0,0
1488,1,0,0
1489,1,0,0
1490,1,0,0
1491,1,0,0
1492,1,0,0
1493,1,0,0
1494,1,0,0
1495,1,0,0
1496,1,0,0
1497,1,0,0
1498,1,0,0
1499,0,0,1
1500,1,0,0
1501,1,0,0
1502,1,0,0
1503,1,0,0
1504,1,0,0
1505,1,0,0
1506,1,0,0
1507,1,0,0
1508,1,0,0
1509,1,0,0
1510,1,0,0
1511,1,0,0
1512,1,0,0
1513,1,0,0
1514,1,0,0
1515,1,0,0
1516,1,0,0
1517,1,0,0
1518,1,0,0
1519,1,0,0
1520,1,0,0
1521,1,0,0
1522,1,0,0
1523,1,0,0
1524,1,0,0
1525,1,0,0
1526,1,0,0
1527,1,0,0
1528,1,0,0
1529,1,0,0
1530,1,0,0
1531,1,0,0
1532,1,0,0
1533,1,0,0
1534,1,0,0
1535,1,0,0
1536,1,0,0
1537,1,0,0
1538,1,0,0
1539,1,0,0
1540,1,0,0
1541,1,0,0
1542,1,0,0
1543,1,0,0
1544,1,0,0
1545,1,0,0
1546,1,0,0
1547,1,0,0
1548,1,0,0
1549,1,0,0
1550,1,0,0
1551,1,0,0
1552,1,0,0
1553,1,0,0
1554,1,0,0
1555,1,0,0
1556,1,0,0
1557,1,0,0
1558,1,0,0
1559,1,0,0
1560,1,0,0
1561,1,0,0
1562,0,0,1
1563,1,0,0
1564,1,0,0
1565,1,0,0
1566,1,0,0
1567,1,0,0
1568,1,0,0
1569,1,0,0
1570,1,0,0
1571,1,0,0
1572,1,0,0
1573,1,0,0
1574,1,0,0
1575,1,0,0
1576,1,0,0
1577,1,0,0
1578,1,0,0
1579,1,0,0
1580,1,0,0
1581,1,0,0
1582,1,0,0
1583,1,0,0
1584,1,0,0
1585,1,0,0
1586,1,0,0
1587,1,0,0
1588,1,0,0
1589,1,0,0
1590,1,0,0
1591,1,0,0
1592,1,0,0
1593,1,0,0
1594,1,0,0
1595,1,0,0
1596,1,0,0
1597,1,0,0
1598,1,0,0
1599,1,0,0
1600,1,0,0
1601,1,0,0
1602,1,0,0
1603,1,0,0
1604,1,0,0
1605,1,0,0
1606,1,0,0
1607,1,0,0
1608,1,0,0
1609,1,0,0
1610,1,0,0
1611,1,0,0
1612,1,0,0
1613,1,0,0
1614,1,0,0
1615,1,0,0
1616,1,0,0
1617,0,1,0
1618,1,0,0
1619,1,0,0
1620,1,0,0
1621,1,0,0
1622,1,0,0
1623,1,0,0
1624,0,1,0
1625,1,0,0
1626,1,0,0
1627,1,0,0
1628,1,0,0
1629,1,0,0
1630,1,0,0
1631,1,0,0
1632,1,0,0
1633,1,0,0
1634,1,0,0
1635,1,0,0
1636,1,0,0
1637,1,0,0
1638,1,0,0
1639,1,0,0
1640,1,0,0
1641,1,0,0
1642,1,0,0
1643,1,0,0
1644,1,0,0
1645,1,0,0
1646,1,0,0
1647,1,0,0
1648,1,0,0
1649,1,0,0
1650,1,0,0
1651,1,0,0
1652,1,0,0
1653,0,0,1
1654,1,0,0
1655,1,0,0
1656,1,0,0
1657,1,0,0
1658,1,0,0
1659,1,0,0
1660,1,0,0
1661,1,0,0
1662,1,0,0
1663,1,0,0
1664,1,0,0
1665,1,0,0
1666,1,0,0
1667,1,0,0
1668,1,0,0
1669,1,0,0
1670,1,0,0
1671,1,0,0
1672,1,0,0
1673,1,0,0
1674,1,0,0
1675,1,0,0
1676,1,0,0
1677,1,0,0
1678,1,0,0
1679,1,0,0
1680,1,0,0
1681,1,0,0
1682,1,0,0
1683,1,0,0
1684,1,0,0
1685,0,0,1
1686,0,0,1
1687,1,0,0
1688,0,0,1
1689,0,0,1
1690,0,0,1
1691,1,0,0
1692,0,0,1
1693,1,0,0
1694,0,0,1
1695,1,0,0
1696,1,0,0
1697,1,0,0
1698,1,0,0
1699,1,0,0
1700,0,0,1
1701,1,0,0
1702,1,0,0
1703,0,0,1
1704,0,0,1
1705,1,0,0
1706,1,0,0
1707,1,0,0
1708,1,0,0
1709,1,0,0
1710,1,0,0
1711,1,0,0
1712,1,0,0
1713,1,0,0
1714,1,0,0
1715,1,0,0
1716,1,0,0
1717,1,0,0
1718,0,0,1
1719,0,0,1
1720,1,0,0
1721,1,0,0
1722,1,0,0
1723,0,0,1
1724,0,0,1
1725,0,0,1
1726,0,0,1
1727,0,0,1
1728,1,0,0
1729,0,0,1
1730,0,0,1
1731,0,0,1
1732,1,0,0
1733,0,0,1
1734,1,0,0
1735,1,0,0
1736,1,0,0
1737,0,0,1
1738,1,0,0
1739,1,0,0
1740,1,0,0
1741,1,0,0
1742,0,0,1
1743,0,0,1
1744,0,0,1
1745,1,0,0
1746,1,0,0
1747,0,0,1
1748,0,0,1
1749,1,0,0
1750,0,0,1
1751,0,0,1
1752,1,0,0
1753,1,0,0
1754,0,0,1
1755,0,0,1
1756,1,0,0
1757,1,0,0
1758,1,0,0
1759,0,0,1
1760,1,0,0
1761,0,0,1
1762,0,0,1
1763,1,0,0
1764,0,0,1
1765,1,0,0
1766,1,0,0
1767,0,0,1
1768,1,0,0
1769,1,0,0
1770,1,0,0
1771,0,0,1
1772,1,0,0
1773,1,0,0
1774,0,0,1
1775,1,0,0
1776,0,0,1
1777,0,0,1
1778,0,0,1
1779,1,0,0
1780,0,0,1
1781,0,0,1
1782,1,0,0
1783,0,0,1
1784,1,0,0
1785,1,0,0
1786,1,0,0
1787,1,0,0
1788,1,0,0
1789,0,0,1
1790,0,0,1
1791,0,0,1
1792,1,0,0
1793,1,0,0
1794,0,0,1
1795,0,0,1
1796,1,0,0
1797,1,0,0
1798,1,0,0
1799,0,0,1
1800,0,1,0
1801,0,0,1
1802,1,0,0
1803,1,0,0
1804,0,0,1
1805,1,0,0
1806,1,0,0
1807,1,0,0
1808,1,0,0
1809,1,0,0
1810,1,0,0
1811,1,0,0
1812,0,0,1
1813,0,0,1
1814,0,0,1
1815,0,0,1
1816,0,0,1
1817,1,0,0
1818,1,0,0
1819,1,0,0
1820,1,0,0
1821,1,0,0
1822,1,0,0
1823,1,0,0
1824,1,0,0
1825,1,0,0
1826,1,0,0
1827,0,0,1
1828,1,0,0
1829,0,0,1
1830,1,0,0
1831,1,0,0
1832,0,0,1
1833,0,0,1
1834,0,0,1
1835,1,0,0
1836,1,0,0
1837,1,0,0
1838,1,0,0
1839,1,0,0
1840,1,0,0
1841,0,0,1
1842,0,0,1
1843,1,0,0
1844,0,0,1
1845,1,0,0
1846,1,0,0
1847,1,0,0
1848,1,0,0
1849,1,0,0
1850,0,0,1
1851,1,0,0
1852,0,0,1
1853,1,0,0
1854,1,0,0
1855,0,0,1
1856,0,0,1
1857,1,0,0
1858,1,0,0
1859,1,0,0
1860,1,0,0
1861,1,0,0
1862,0,0,1
1863,0,0,1
1864,1,0,0
1865,1,0,0
1866,0,0,1
1867,1,0,0
1868,1,0,0
1869,0,0,1
1870,1,0,0
1871,1,0,0
1872,0,0,1
1873,0,0,1
1874,0,1,0
1875,0,0,1
1876,1,0,0
1877,1,0,0
1878,0,1,0
1879,0,0,1
1880,0,0,1
1881,1,0,0
1882,0,0,1
1883,1,0,0
1884,0,0,1
1885,0,0,1
1886,0,0,1
1887,1,0,0
1888,1,0,0
1889,0,0,1
1890,1,0,0
1891,0,0,1
1892,1,0,0
1893,1,0,0
1894,0,0,1
1895,1,0,0
1896,0,0,1
1897,0,0,1
1898,0,0,1
1899,0,0,1
1900,1,0,0
1901,0,0,1
1902,1,0,0
1903,1,0,0
1904,0,0,1
1905,0,0,1
1906,0,0,1
1907,1,0,0
1908,1,0,0
1909,1,0,0
1910,1,0,0
1911,0,0,1
1912,1,0,0
1913,0,0,1
1914,0,0,1
1915,0,0,1
1916,0,0,1
1917,1,0,0
1918,1,0,0
1919,0,0,1
1920,0,0,1
1921,0,0,1
1922,1,0,0
1923,0,0,1
1924,0,0,1
1925,1,0,0
1926,1,0,0
1927,1,0,0
1928,1,0,0
1929,0,0,1
1930,0,0,1
1931,1,0,0
1932,1,0,0
1933,1,0,0
1934,1,0,0
1935,1,0,0
1936,1,0,0
1937,1,0,0
1938,1,0,0
1939,1,0,0
1940,0,0,1
1941,1,0,0
1942,0,0,1
1943,1,0,0
1944,0,0,1
1945,1,0,0
1946,0,0,1
1947,1,0,0
1948,1,0,0
1949,0,0,1
1950,0,0,1
1951,1,0,0
1952,1,0,0
1953,1,0,0
1954,1,0,0
1955,0,0,1
1956,1,0,0
1957,1,0,0
1958,1,0,0
1959,0,0,1
1960,1,0,0
1961,1,0,0
1962,1,0,0
1963,1,0,0
1964,0,0,1
1965,0,0,1
1966,1,0,0
1967,0,0,1
1968,1,0,0
1969,0,0,1
1970,1,0,0
1971,1,0,0
1972,0,0,1
1973,1,0,0
1974,0,0,1
1975,1,0,0
1976,1,0,0
1977,1,0,0
1978,1,0,0
1979,0,0,1
1980,0,0,1
1981,1,0,0
1982,1,0,0
1983,1,0,0
1984,1,0,0
1985,1,0,0
1986,0,0,1
1987,1,0,0
1988,1,0,0
1989,1,0,0
1990,1,0,0
1991,1,0,0
1992,1,0,0
1993,1,0,0
1994,1,0,0
1995,0,0,1
1996,1,0,0
1997,1,0,0
1998,1,0,0
1999,1,0,0
2000,1,0,0
2001,0,0,1
2002,1,0,0
2003,1,0,0
2004,0,0,1
2005,0,0,1
2006,1,0,0
2007,1,0,0
2008,1,0,0
2009,0,0,1
2010,1,0,0
2011,1,0,0
2012,1,0,0
2013,0,0,1
2014,0,0,1
2015,1,0,0
2016,0,0,1
2017,1,0,0
2018,0,0,1
2019,1,0,0
2020,0,0,1
2021,0,0,1
2022,0,0,1
2023,1,0,0
2024,1,0,0
2025,0,0,1
2026,1,0,0
2027,1,0,0
2028,1,0,0
2029,1,0,0
2030,1,0,0
2031,1,0,0
2032,1,0,0
2033,1,0,0
2034,1,0,0
2035,0,0,1
2036,1,0,0
2037,1,0,0
2038,0,0,1
2039,0,1,0
2040,1,0,0
2041,1,0,0
2042,1,0,0
2043,0,0,1
2044,0,0,1
2045,1,0,0
2046,0,0,1
2047,1,0,0
2048,1,0,0
2049,0,0,1
2050,1,0,0
2051,1,0,0
2052,1,0,0
2053,0,0,1
2054,1,0,0
2055,1,0,0
2056,0,0,1
2057,1,0,0
2058,0,0,1
2059,0,0,1
2060,1,0,0
2061,1,0,0
2062,1,0,0
2063,1,0,0
2064,0,0,1
2065,1,0,0
2066,1,0,0
2067,1,0,0
2068,1,0,0
2069,0,0,1
2070,1,0,0
2071,0,0,1
2072,0,0,1
2073,0,0,1
2074,0,0,1
2075,1,0,0
2076,0,0,1
2077,1,0,0
2078,1,0,0
2079,1,0,0
2080,0,0,1
2081,1,0,0
2082,1,0,0
2083,1,0,0
2084,0,0,1
2085,1,0,0
2086,1,0,0
2087,1,0,0
2088,0,0,1
2089,1,0,0
2090,1,0,0
2091,0,0,1
2092,1,0,0
2093,0,0,1
2094,1,0,0
2095,0,0,1
2096,1,0,0
2097,1,0,0
2098,0,0,1
2099,1,0,0
2100,1,0,0
2101,1,0,0
2102,1,0,0
2103,0,0,1
2104,1,0,0
2105,1,0,0
2106,1,0,0
2107,1,0,0
2108,1,0,0
2109,1,0,0
2110,0,0,1
2111,1,0,0
2112,1,0,0
2113,1,0,0
2114,0,0,1
2115,0,0,1
2116,0,0,1
2117,1,0,0
2118,1,0,0
2119,1,0,0
2120,0,0,1
2121,0,0,1
2122,1,0,0
2123,0,0,1
2124,1,0,0
2125,1,0,0
2126,1,0,0
2127,0,0,1
2128,1,0,0
2129,1,0,0
2130,0,0,1
2131,1,0,0
2132,1,0,0
2133,1,0,0
2134,1,0,0
2135,1,0,0
2136,0,0,1
2137,0,0,1
2138,1,0,0
2139,1,0,0
2140,0,0,1
2141,1,0,0
2142,0,0,1
2143,0,0,1
2144,0,0,1
2145,1,0,0
2146,1,0,0
2147,1,0,0
2148,1,0,0
2149,1,0,0
2150,1,0,0
2151,1,0,0
2152,0,0,1
2153,1,0,0
2154,0,0,1
2155,1,0,0
2156,1,0,0
2157,0,0,1
2158,1,0,0
2159,1,0,0
2160,1,0,0
2161,1,0,0
2162,0,0,1
2163,0,0,1
2164,1,0,0
2165,1,0,0
2166,1,0,0
2167,1,0,0
2168,0,0,1
2169,0,0,1
2170,1,0,0
2171,1,0,0
2172,1,0,0
2173,1,0,0
2174,1,0,0
2175,1,0,0
2176,0,0,1
2177,1,0,0
2178,0,0,1
2179,0,0,1
2180,1,0,0
2181,0,0,1
2182,0,0,1
2183,1,0,0
2184,1,0,0
2185,1,0,0
2186,0,0,1
2187,0,0,1
2188,1,0,0
2189,1,0,0
2190,0,0,1
2191,0,0,1
2192,1,0,0
2193,0,0,1
2194,1,0,0
2195,0,1,0
2196,1,0,0
2197,1,0,0
2198,1,0,0
2199,1,0,0
2200,0,0,1
2201,1,0,0
2202,0,0,1
2203,1,0,0
2204,1,0,0
2205,1,0,0
2206,1,0,0
2207,1,0,0
2208,1,0,0
2209,1,0,0
2210,1,0,0
2211,1,0,0
2212,1,0,0
2213,0,0,1
2214,1,0,0
2215,0,0,1
2216,1,0,0
2217,0,0,1
2218,0,0,1
2219,1,0,0
2220,1,0,0
2221,0,0,1
2222,1,0,0
2223,1,0,0
2224,1,0,0
2225,0,0,1
2226,1,0,0
2227,1,0,0
2228,0,0,1
2229,1,0,0
2230,0,0,1
2231,0,0,1
2232,1,0,0
2233,1,0,0
2234,0,0,1
2235,1,0,0
2236,1,0,0
2237,1,0,0
2238,1,0,0
2239,1,0,0
2240,1,0,0
2241,1,0,0
2242,1,0,0
2243,0,0,1
2244,1,0,0
2245,0,0,1
2246,0,0,1
2247,0,0,1
2248,1,0,0
2249,1,0,0
2250,1,0,0
2251,1,0,0
2252,1,0,0
2253,1,0,0
2254,0,0,1
2255,0,0,1
2256,0,0,1
2257,1,0,0
2258,1,0,0
2259,1,0,0
2260,1,0,0
2261,0,0,1
2262,0,0,1
2263,0,0,1
2264,1,0,0
2265,0,0,1
2266,1,0,0
2267,0,0,1
2268,1,0,0
2269,1,0,0
2270,1,0,0
2271,1,0,0
2272,1,0,0
2273,0,0,1
2274,1,0,0
2275,1,0,0
2276,1,0,0
2277,0,0,1
2278,1,0,0
2279,1,0,0
2280,1,0,0
2281,1,0,0
2282,1,0,0
2283,0,0,1
2284,0,0,1
2285,0,0,1
2286,1,0,0
2287,1,0,0
2288,1,0,0
2289,1,0,0
2290,1,0,0
2291,1,0,0
2292,0,0,1
2293,1,0,0
2294,1,0,0
2295,1,0,0
2296,1,0,0
2297,0,0,1
2298,0,0,1
2299,1,0,0
2300,1,0,0
2301,0,0,1
2302,1,0,0
2303,0,0,1
2304,1,0,0
2305,0,0,1
2306,1,0,0
2307,1,0,0
2308,1,0,0
2309,0,0,1
2310,1,0,0
2311,0,0,1
2312,1,0,0
2313,0,0,1
2314,0,0,1
2315,1,0,0
2316,0,0,1
2317,0,0,1
2318,1,0,0
2319,1,0,0
2320,1,0,0
2321,1,0,0
2322,1,0,0
2323,1,0,0
2324,0,0,1
2325,1,0,0
2326,1,0,0
2327,0,0,1
2328,0,0,1
2329,1,0,0
2330,1,0,0
2331,1,0,0
2332,1,0,0
2333,0,0,1
2334,0,0,1
2335,1,0,0
2336,0,0,1
2337,0,0,1
2338,0,0,1
2339,0,0,1
2340,1,0,0
2341,1,0,0
2342,0,0,1
2343,0,0,1
2344,0,0,1
2345,1,0,0
2346,1,0,0
2347,0,0,1
2348,1,0,0
2349,1,0,0
2350,1,0,0
2351,1,0,0
2352,1,0,0
2353,1,0,0
2354,1,0,0
2355,1,0,0
2356,1,0,0
2357,1,0,0
2358,1,0,0
2359,0,0,1
2360,1,0,0
2361,1,0,0
2362,1,0,0
2363,0,0,1
2364,1,0,0
2365,1,0,0
2366,1,0,0
2367,0,0,1
2368,0,0,1
2369,0,0,1
2370,0,0,1
2371,1,0,0
2372,1,0,0
2373,1,0,0
2374,0,0,1
2375,1,0,0
2376,1,0,0
2377,0,0,1
2378,0,0,1
2379,1,0,0
2380,0,0,1
2381,0,0,1
2382,1,0,0
2383,1,0,0
2384,1,0,0
2385,0,0,1
2386,1,0,0
2387,0,0,1
2388,0,0,1
2389,0,0,1
2390,1,0,0
2391,1,0,0
2392,1,0,0
2393,1,0,0
2394,0,0,1
2395,1,0,0
2396,1,0,0
2397,1,0,0
2398,0,0,1
2399,1,0,0
2400,1,0,0
2401,1,0,0
2402,0,0,1
2403,1,0,0
2404,0,0,1
2405,1,0,0
2406,1,0,0
2407,1,0,0
2408,0,0,1
2409,0,0,1
2410,1,0,0
2411,1,0,0
2412,1,0,0
2413,1,0,0
2414,1,0,0
2415,0,0,1
2416,1,0,0
2417,1,0,0
2418,0,0,1
2419,1,0,0
2420,1,0,0
2421,1,0,0
2422,1,0,0
2423,1,0,0
2424,1,0,0
2425,1,0,0
2426,0,0,1
2427,0,0,1
2428,1,0,0
2429,0,0,1
2430,1,0,0
2431,1,0,0
2432,0,0,1
2433,0,0,1
2434,0,0,1
2435,0,0,1
2436,1,0,0
2437,0,0,1
2438,0,0,1
2439,1,0,0
2440,0,0,1
2441,0,0,1
2442,1,0,0
2443,1,0,0
2444,1,0,0
2445,0,0,1
2446,0,0,1
2447,1,0,0
2448,0,0,1
2449,1,0,0
2450,1,0,0
2451,0,0,1
2452,0,0,1
2453,1,0,0
2454,1,0,0
2455,1,0,0
2456,1,0,0
2457,1,0,0
2458,1,0,0
2459,1,0,0
2460,0,0,1
2461,1,0,0
2462,1,0,0
2463,1,0,0
2464,0,0,1
2465,0,0,1
2466,0,0,1
2467,1,0,0
2468,1,0,0
2469,1,0,0
2470,1,0,0
2471,1,0,0
2472,0,0,1
2473,1,0,0
2474,1,0,0
2475,0,0,1
2476,0,0,1
2477,1,0,0
2478,1,0,0
2479,1,0,0
2480,1,0,0
2481,1,0,0
2482,1,0,0
2483,1,0,0
2484,1,0,0
2485,1,0,0
2486,1,0,0
2487,1,0,0
2488,0,0,1
2489,1,0,0
2490,1,0,0
2491,0,0,1
2492,1,0,0
2493,1,0,0
2494,1,0,0
2495,1,0,0
2496,1,0,0
2497,0,0,1
2498,0,0,1
2499,1,0,0
2500,0,0,1
2501,1,0,0
2502,0,0,1
2503,1,0,0
2504,0,0,1
2505,1,0,0
2506,0,0,1
2507,1,0,0
2508,1,0,0
2509,1,0,0
2510,1,0,0
2511,0,0,1
2512,1,0,0
2513,1,0,0
2514,0,0,1
2515,1,0,0
2516,0,0,1
2517,0,0,1
2518,1,0,0
2519,0,0,1
2520,1,0,0
2521,1,0,0
2522,1,0,0
2523,1,0,0
2524,1,0,0
2525,1,0,0
2526,1,0,0
2527,1,0,0
2528,1,0,0
2529,0,0,1
2530,1,0,0
2531,1,0,0
2532,1,0,0
2533,0,0,1
2534,0,0,1
2535,1,0,0
2536,1,0,0
2537,0,0,1
2538,0,0,1
2539,0,0,1
2540,1,0,0
2541,1,0,0
2542,1,0,0
2543,1,0,0
2544,0,0,1
2545,1,0,0
2546,1,0,0
2547,0,0,1
2548,1,0,0
2549,1,0,0
2550,0,0,1
2551,1,0,0
2552,1,0,0
2553,0,0,1
2554,0,0,1
2555,0,0,1
2556,0,0,1
2557,1,0,0
2558,1,0,0
2559,0,0,1
2560,1,0,0
2561,1,0,0
2562,1,0,0
2563,1,0,0
2564,1,0,0
2565,1,0,0
2566,1,0,0
2567,1,0,0
2568,0,0,1
2569,0,0,1
2570,1,0,0
2571,0,0,1
2572,0,0,1
2573,0,0,1
2574,1,0,0
2575,1,0,0
2576,0,0,1
2577,1,0,0
2578,1,0,0
2579,0,0,1
2580,1,0,0
2581,0,0,1
2582,0,0,1
2583,1,0,0
2584,0,0,1
2585,0,0,1
2586,1,0,0
2587,1,0,0
2588,1,0,0
2589,0,0,1
2590,0,0,1
2591,1,0,0
2592,1,0,0
2593,1,0,0
2594,0,0,1
2595,0,0,1
2596,1,0,0
2597,1,0,0
2598,1,0,0
2599,1,0,0
2600,1,0,0
2601,1,0,0
2602,1,0,0
2603,1,0,0
2604,1,0,0
2605,1,0,0
2606,1,0,0
2607,1,0,0
2608,1,0,0
2609,1,0,0
2610,1,0,0
2611,0,0,1
2612,1,0,0
2613,0,0,1
2614,0,0,1
2615,1,0,0
2616,1,0,0
2617,1,0,0
2618,0,0,1
2619,1,0,0
2620,1,0,0
2621,1,0,0
2622,1,0,0
2623,1,0,0
2624,1,0,0
2625,1,0,0
2626,1,0,0
2627,1,0,0
2628,0,0,1
2629,0,0,1
2630,1,0,0
2631,1,0,0
2632,0,0,1
2633,1,0,0
2634,1,0,0
2635,1,0,0
2636,0,0,1
2637,0,0,1
2638,0,0,1
2639,1,0,0
2640,0,0,1
2641,1,0,0
2642,1,0,0
2643,1,0,0
2644,0,0,1
2645,1,0,0
2646,1,0,0
2647,0,0,1
2648,1,0,0
2649,1,0,0
2650,1,0,0
2651,1,0,0
2652,1,0,0
2653,0,0,1
2654,1,0,0
2655,1,0,0
2656,0,0,1
2657,1,0,0
2658,0,0,1
2659,1,0,0
2660,0,0,1
2661,0,0,1
2662,0,0,1
2663,1,0,0
2664,0,0,1
2665,1,0,0
2666,1,0,0
2667,1,0,0
2668,1,0,0
2669,0,0,1
2670,1,0,0
2671,1,0,0
2672,1,0,0
2673,1,0,0
2674,0,0,1
2675,1,0,0
2676,0,0,1
2677,1,0,0
2678,1,0,0
2679,0,0,1
2680,1,0,0
2681,1,0,0
2682,1,0,0
2683,1,0,0
2684,0,0,1
2685,1,0,0
2686,0,0,1
2687,1,0,0
2688,1,0,0
2689,1,0,0
2690,1,0,0
2691,1,0,0
2692,0,0,1
2693,1,0,0
2694,1,0,0
2695,1,0,0
2696,1,0,0
2697,1,0,0
2698,0,0,1
2699,1,0,0
2700,1,0,0
2701,0,0,1
2702,1,0,0
2703,1,0,0
2704,1,0,0
2705,1,0,0
2706,1,0,0
2707,1,0,0
2708,0,0,1
2709,1,0,0
2710,0,0,1
2711,1,0,0
2712,0,0,1
2713,1,0,0
2714,1,0,0
2715,1,0,0
2716,1,0,0
2717,1,0,0
2718,1,0,0
2719,1,0,0
2720,1,0,0
2721,1,0,0
2722,0,0,1
2723,1,0,0
2724,1,0,0
2725,1,0,0
2726,0,0,1
2727,0,0,1
2728,1,0,0
2729,0,0,1
2730,1,0,0
2731,1,0,0
2732,0,0,1
2733,1,0,0
2734,1,0,0
2735,0,0,1
2736,1,0,0
2737,0,0,1
2738,0,0,1
2739,1,0,0
2740,0,0,1
2741,1,0,0
2742,1,0,0
2743,0,0,1
2744,0,0,1
2745,0,0,1
2746,0,0,1
2747,0,0,1
2748,1,0,0
2749,0,0,1
2750,1,0,0
2751,1,0,0
2752,0,1,0
2753,1,0,0
2754,1,0,0
2755,0,0,1
2756,0,0,1
2757,0,0,1
2758,0,0,1
2759,1,0,0
2760,1,0,0
2761,1,0,0
2762,0,0,1
2763,0,0,1
2764,1,0,0
2765,1,0,0
2766,1,0,0
2767,1,0,0
2768,1,0,0
2769,1,0,0
2770,0,0,1
2771,1,0,0
2772,1,0,0
2773,0,0,1
2774,1,0,0
2775,1,0,0
2776,1,0,0
2777,0,0,1
2778,1,0,0
2779,0,0,1
2780,1,0,0
2781,1,0,0
2782,1,0,0
2783,0,0,1
2784,1,0,0
2785,1,0,0
2786,1,0,0
2787,0,0,1
2788,0,0,1
2789,0,0,1
2790,1,0,0
2791,1,0,0
2792,1,0,0
2793,0,0,1
2794,0,0,1
2795,1,0,0
2796,0,0,1
2797,0,0,1
2798,1,0,0
2799,1,0,0
2800,1,0,0
2801,0,0,1
2802,1,0,0
2803,1,0,0
2804,1,0,0
2805,1,0,0
2806,0,0,1
2807,0,0,1
2808,1,0,0
2809,1,0,0
2810,0,0,1
2811,1,0,0
2812,1,0,0
2813,1,0,0
2814,1,0,0
2815,1,0,0
2816,0,0,1
2817,1,0,0
2818,0,0,1
2819,0,0,1
2820,1,0,0
2821,1,0,0
2822,1,0,0
2823,1,0,0
2824,1,0,0
2825,0,0,1
2826,1,0,0
2827,1,0,0
2828,0,0,1
2829,0,0,1
2830,0,0,1
2831,1,0,0
2832,0,0,1
2833,1,0,0
2834,0,0,1
2835,1,0,0
2836,0,0,1
2837,1,0,0
2838,1,0,0
2839,1,0,0
2840,1,0,0
2841,1,0,0
2842,1,0,0
2843,1,0,0
2844,1,0,0
2845,1,0,0
2846,1,0,0
2847,1,0,0
2848,0,0,1
2849,1,0,0
2850,1,0,0
2851,0,0,1
2852,1,0,0
2853,0,0,1
2854,0,0,1
2855,1,0,0
2856,1,0,0
2857,1,0,0
2858,1,0,0
2859,1,0,0
2860,1,0,0
2861,1,0,0
2862,1,0,0
2863,1,0,0
2864,0,0,1
2865,0,0,1
2866,1,0,0
2867,1,0,0
2868,1,0,0
2869,0,1,0
2870,1,0,0
2871,1,0,0
2872,0,0,1
2873,1,0,0
2874,1,0,0
2875,0,0,1
2876,0,0,1
2877,1,0,0
2878,1,0,0
2879,1,0,0
2880,1,0,0
2881,1,0,0
2882,1,0,0
2883,0,0,1
2884,0,0,1
2885,1,0,0
2886,0,0,1
2887,1,0,0
2888,1,0,0
2889,1,0,0
2890,0,0,1
2891,1,0,0
2892,1,0,0
2893,0,0,1
2894,1,0,0
2895,0,0,1
2896,0,0,1
2897,0,0,1
2898,1,0,0
2899,0,0,1
2900,0,0,1
2901,1,0,0
2902,1,0,0
2903,1,0,0
2904,1,0,0
2905,1,0,0
2906,1,0,0
2907,1,0,0
2908,1,0,0
2909,0,0,1
2910,1,0,0
2911,1,0,0
2912,1,0,0
2913,0,0,1
2914,1,0,0
2915,1,0,0
2916,1,0,0
2917,1,0,0
2918,1,0,0
2919,0,0,1
2920,1,0,0
2921,1,0,0
2922,1,0,0
2923,1,0,0
2924,1,0,0
2925,1,0,0
2926,1,0,0
2927,1,0,0
2928,0,0,1
2929,0,0,1
2930,0,0,1
2931,0,0,1
2932,1,0,0
2933,1,0,0
2934,1,0,0
2935,0,0,1
2936,0,0,1
2937,0,0,1
2938,1,0,0
2939,1,0,0
2940,0,0,1
2941,1,0,0
2942,1,0,0
2943,1,0,0
2944,1,0,0
2945,1,0,0
2946,0,0,1
2947,0,0,1
2948,0,0,1
2949,1,0,0
2950,1,0,0
2951,1,0,0
2952,1,0,0
2953,0,0,1
2954,1,0,0
2955,1,0,0
2956,0,0,1
2957,1,0,0
2958,1,0,0
2959,1,0,0
2960,1,0,0
2961,0,0,1
2962,0,0,1
2963,1,0,0
2964,0,0,1
2965,0,0,1
2966,1,0,0
2967,1,0,0
2968,0,0,1
2969,0,0,1
2970,0,1,0
2971,1,0,0
2972,1,0,0
2973,0,0,1
2974,1,0,0
2975,1,0,0
2976,0,0,1
2977,0,0,1
2978,1,0,0
2979,0,0,1
2980,1,0,0
2981,1,0,0
2982,1,0,0
2983,0,0,1
2984,0,0,1
2985,1,0,0
2986,1,0,0
2987,0,0,1
2988,0,0,1
2989,1,0,0
2990,1,0,0
2991,1,0,0
2992,1,0,0
2993,1,0,0
2994,0,0,1
2995,1,0,0
2996,0,0,1
2997,0,0,1
2998,1,0,0
2999,0,0,1
3000,1,0,0
3001,0,0,1
3002,1,0,0
3003,1,0,0
3004,1,0,0
3005,1,0,0
3006,0,0,1
3007,1,0,0
3008,1,0,0
3009,0,0,1
3010,1,0,0
3011,0,0,1
3012,1,0,0
3013,1,0,0
3014,1,0,0
3015,0,0,1
3016,1,0,0
3017,1,0,0
3018,1,0,0
3019,0,0,1
3020,1,0,0
3021,0,0,1
3022,0,0,1
3023,1,0,0
3024,0,0,1
3025,1,0,0
3026,1,0,0
3027,0,0,1
3028,1,0,0
3029,0,0,1
3030,0,0,1
3031,1,0,0
3032,1,0,0
3033,1,0,0
3034,1,0,0
3035,1,0,0
3036,1,0,0
3037,1,0,0
3038,0,0,1
3039,1,0,0
3040,0,0,1
3041,0,0,1
3042,1,0,0
3043,1,0,0
3044,1,0,0
3045,0,0,1
3046,1,0,0
3047,0,0,1
3048,0,0,1
3049,1,0,0
3050,1,0,0
3051,1,0,0
3052,1,0,0
3053,1,0,0
3054,1,0,0
3055,0,0,1
3056,1,0,0
3057,1,0,0
3058,1,0,0
3059,1,0,0
3060,0,0,1
3061,0,0,1
3062,1,0,0
3063,0,0,1
3064,0,0,1
3065,1,0,0
3066,0,0,1
3067,1,0,0
3068,1,0,0
3069,1,0,0
3070,0,0,1
3071,1,0,0
3072,1,0,0
3073,0,0,1
3074,1,0,0
3075,1,0,0
3076,0,0,1
3077,0,0,1
3078,1,0,0
3079,1,0,0
3080,1,0,0
3081,0,0,1
3082,0,0,1
3083,0,0,1
3084,0,0,1
3085,1,0,0
3086,0,0,1
3087,1,0,0
3088,1,0,0
3089,0,0,1
3090,1,0,0
3091,1,0,0
3092,0,0,1
3093,1,0,0
3094,0,0,1
3095,1,0,0
3096,0,0,1
3097,1,0,0
3098,1,0,0
3099,1,0,0
3100,0,0,1
3101,1,0,0
3102,1,0,0
3103,0,0,1
3104,1,0,0
3105,1,0,0
3106,0,0,1
3107,1,0,0
3108,0,0,1
3109,0,0,1
3110,1,0,0
3111,1,0,0
3112,0,0,1
3113,1,0,0
3114,1,0,0
3115,1,0,0
3116,1,0,0
3117,1,0,0
3118,0,0,1
3119,1,0,0
3120,0,0,1
3121,0,0,1
3122,1,0,0
3123,0,0,1
3124,0,0,1
3125,1,0,0
3126,1,0,0
3127,0,0,1
3128,1,0,0
3129,1,0,0
3130,1,0,0
3131,0,0,1
3132,1,0,0
3133,1,0,0
3134,1,0,0
3135,0,0,1
3136,1,0,0
3137,0,0,1
3138,1,0,0
3139,1,0,0
3140,1,0,0
3141,1,0,0
3142,1,0,0
3143,0,0,1
3144,1,0,0
3145,0,0,1
3146,0,0,1
3147,1,0,0
3148,0,0,1
3149,0,0,1
3150,0,0,1
3151,1,0,0
3152,0,0,1
3153,0,0,1
3154,1,0,0
3155,1,0,0
3156,0,0,1
3157,1,0,0
3158,1,0,0
3159,0,0,1
3160,0,0,1
3161,1,0,0
3162,1,0,0
3163,1,0,0
3164,1,0,0
3165,1,0,0
3166,1,0,0
3167,1,0,0
3168,1,0,0
3169,1,0,0
3170,0,0,1
3171,1,0,0
3172,1,0,0
3173,1,0,0
3174,1,0,0
3175,0,0,1
3176,1,0,0
3177,1,0,0
3178,1,0,0
3179,1,0,0
3180,0,0,1
3181,1,0,0
3182,0,0,1
3183,0,0,1
3184,1,0,0
3185,0,0,1
3186,0,0,1
3187,1,0,0
3188,0,0,1
3189,1,0,0
3190,1,0,0
3191,0,0,1
3192,1,0,0
3193,0,0,1
3194,0,0,1
3195,1,0,0
3196,0,0,1
3197,1,0,0
3198,1,0,0
3199,0,0,1
3200,0,0,1
3201,1,0,0
3202,0,0,1
3203,1,0,0
3204,1,0,0
3205,0,0,1
3206,1,0,0
3207,1,0,0
3208,1,0,0
3209,1,0,0
3210,1,0,0
3211,1,0,0
3212,0,0,1
3213,1,0,0
3214,1,0,0
3215,0,0,1
3216,1,0,0
3217,1,0,0
3218,0,0,1
3219,1,0,0
3220,1,0,0
3221,1,0,0
3222,1,0,0
3223,1,0,0
3224,1,0,0
3225,0,0,1
3226,1,0,0
3227,1,0,0
3228,1,0,0
3229,1,0,0
3230,1,0,0
3231,1,0,0
3232,0,0,1
3233,1,0,0
3234,1,0,0
3235,0,0,1
3236,1,0,0
3237,0,0,1
3238,1,0,0
3239,0,0,1
3240,1,0,0
3241,0,0,1
3242,1,0,0
3243,1,0,0
3244,1,0,0
3245,1,0,0
3246,1,0,0
3247,1,0,0
3248,0,0,1
3249,0,0,1
3250,1,0,0
3251,0,0,1
3252,1,0,0
3253,0,0,1
3254,1,0,0
3255,1,0,0
3256,1,0,0
3257,1,0,0
3258,1,0,0
3259,1,0,0
3260,1,0,0
3261,1,0,0
3262,0,0,1
3263,0,0,1
3264,0,0,1
3265,0,0,1
3266,1,0,0
3267,1,0,0
3268,0,0,1
3269,1,0,0
3270,1,0,0
3271,1,0,0
3272,1,0,0
3273,1,0,0
3274,0,0,1
3275,0,1,0
3276,1,0,0
3277,1,0,0
3278,0,0,1
3279,1,0,0
3280,0,0,1
3281,1,0,0
3282,1,0,0
3283,1,0,0
3284,1,0,0
3285,0,0,1
3286,0,0,1
3287,1,0,0
3288,1,0,0
3289,0,0,1
3290,0,0,1
3291,1,0,0
3292,0,0,1
3293,1,0,0
3294,0,0,1
3295,1,0,0
3296,1,0,0
3297,0,0,1
3298,1,0,0
3299,1,0,0
3300,1,0,0
3301,0,0,1
3302,1,0,0
3303,1,0,0
3304,1,0,0
3305,0,0,1
3306,1,0,0
3307,0,0,1
3308,0,0,1
3309,1,0,0
3310,0,0,1
3311,1,0,0
3312,1,0,0
3313,0,0,1
3314,1,0,0
3315,0,0,1
3316,1,0,0
3317,0,0,1
3318,1,0,0
3319,1,0,0
3320,1,0,0
3321,0,0,1
3322,0,0,1
3323,1,0,0
3324,0,0,1
3325,1,0,0
3326,1,0,0
3327,1,0,0
3328,1,0,0
3329,0,0,1
3330,1,0,0
3331,0,0,1
3332,0,0,1
3333,0,0,1
3334,0,0,1
3335,1,0,0
3336,1,0,0
3337,0,0,1
3338,0,0,1
3339,1,0,0
3340,0,0,1
3341,1,0,0
3342,0,0,1
3343,0,0,1
3344,0,0,1
3345,1,0,0
3346,0,0,1
3347,1,0,0
3348,1,0,0
3349,1,0,0
3350,1,0,0
3351,1,0,0
3352,0,0,1
3353,1,0,0
3354,0,0,1
3355,1,0,0
3356,1,0,0
3357,0,0,1
3358,0,0,1
3359,1,0,0
3360,1,0,0
3361,0,0,1
3362,0,0,1
3363,1,0,0
3364,1,0,0
3365,0,0,1
3366,0,0,1
3367,0,0,1
3368,1,0,0
3369,1,0,0
3370,0,0,1
3371,1,0,0
3372,1,0,0
3373,1,0,0
3374,0,0,1
3375,1,0,0
3376,1,0,0
3377,1,0,0
3378,1,0,0
3379,0,0,1
3380,1,0,0
3381,0,0,1
3382,1,0,0
3383,1,0,0
3384,1,0,0
3385,1,0,0
3386,1,0,0
3387,1,0,0
3388,1,0,0
3389,1,0,0
3390,1,0,0
3391,0,0,1
3392,1,0,0
3393,0,0,1
3394,1,0,0
3395,0,0,1
3396,0,0,1
3397,0,0,1
3398,1,0,0
3399,1,0,0
3400,1,0,0
3401,1,0,0
3402,1,0,0
3403,0,0,1
3404,1,0,0
3405,1,0,0
3406,1,0,0
3407,1,0,0
3408,1,0,0
3409,0,0,1
3410,0,0,1
3411,0,0,1
3412,0,0,1
3413,1,0,0
3414,1,0,0
3415,1,0,0
3416,1,0,0
3417,1,0,0
3418,1,0,0
3419,1,0,0
3420,1,0,0
3421,1,0,0
3422,0,0,1
3423,0,0,1
3424,0,0,1
3425,0,0,1
3426,1,0,0
3427,1,0,0
3428,1,0,0
3429,1,0,0
3430,0,0,1
3431,0,0,1
3432,1,0,0
3433,0,0,1
3434,0,0,1
3435,0,0,1
3436,1,0,0
3437,1,0,0
3438,0,0,1
3439,1,0,0
3440,1,0,0
3441,1,0,0
3442,0,0,1
3443,1,0,0
3444,1,0,0
3445,1,0,0
3446,1,0,0
3447,1,0,0
3448,1,0,0
3449,0,0,1
3450,0,0,1
3451,0,0,1
3452,0,0,1
3453,1,0,0
3454,1,0,0
3455,0,0,1
3456,0,0,1
3457,1,0,0
3458,1,0,0
3459,1,0,0
3460,1,0,0
3461,0,0,1
3462,0,0,1
3463,1,0,0
3464,1,0,0
3465,0,0,1
3466,1,0,0
3467,0,0,1
3468,1,0,0
3469,1,0,0
3470,0,0,1
3471,1,0,0
3472,1,0,0
3473,1,0,0
3474,1,0,0
3475,1,0,0
3476,1,0,0
3477,1,0,0
3478,1,0,0
3479,1,0,0
3480,1,0,0
3481,0,0,1
3482,1,0,0
3483,1,0,0
3484,1,0,0
3485,0,0,1
3486,1,0,0
3487,0,0,1
3488,1,0,0
3489,0,0,1
3490,1,0,0
3491,0,0,1
3492,1,0,0
3493,1,0,0
3494,1,0,0
3495,1,0,0
3496,1,0,0
3497,0,0,1
3498,1,0,0
3499,1,0,0
3500,0,0,1
3501,0,0,1
3502,0,0,1
3503,1,0,0
3504,0,0,1
3505,1,0,0
3506,0,0,1
3507,0,0,1
3508,1,0,0
3509,1,0,0
3510,1,0,0
3511,1,0,0
3512,0,0,1
3513,1,0,0
3514,0,0,1
3515,1,0,0
3516,1,0,0
3517,1,0,0
3518,1,0,0
3519,1,0,0
3520,0,0,1
3521,0,0,1
3522,1,0,0
3523,1,0,0
3524,1,0,0
3525,0,0,1
3526,1,0,0
3527,0,0,1
3528,1,0,0
3529,0,0,1
3530,1,0,0
3531,1,0,0
3532,1,0,0
3533,1,0,0
3534,0,0,1
3535,1,0,0
3536,0,0,1
3537,0,0,1
3538,1,0,0
3539,0,0,1
3540,0,0,1
3541,0,0,1
3542,1,0,0
3543,0,0,1
3544,1,0,0
3545,1,0,0
3546,1,0,0
3547,1,0,0
3548,0,0,1
3549,1,0,0
3550,1,0,0
3551,0,0,1
3552,0,1,0
3553,0,0,1
3554,0,0,1
3555,0,0,1
3556,0,0,1
3557,1,0,0
3558,0,0,1
3559,1,0,0
3560,0,1,0
3561,0,0,1
3562,0,0,1
3563,0,0,1
3564,1,0,0
3565,1,0,0
3566,1,0,0
3567,1,0,0
3568,1,0,0
3569,0,0,1
3570,1,0,0
3571,1,0,0
3572,1,0,0
3573,0,0,1
3574,0,0,1
3575,1,0,0
3576,0,0,1
3577,1,0,0
3578,1,0,0
3579,1,0,0
3580,1,0,0
3581,0,0,1
3582,1,0,0
3583,1,0,0
3584,1,0,0
3585,1,0,0
3586,0,0,1
3587,0,0,1
3588,0,0,1
3589,0,0,1
3590,0,0,1
3591,1,0,0
3592,1,0,0
3593,0,0,1
3594,1,0,0
3595,1,0,0
3596,1,0,0
3597,0,0,1
3598,1,0,0
3599,0,0,1
3600,0,0,1
3601,1,0,0
3602,0,0,1
3603,1,0,0
3604,1,0,0
3605,1,0,0
3606,0,1,0
3607,0,0,1
3608,0,0,1
3609,1,0,0
3610,0,0,1
3611,1,0,0
3612,1,0,0
3613,0,0,1
3614,1,0,0
3615,0,0,1
3616,1,0,0
3617,0,0,1
3618,1,0,0
3619,0,0,1
3620,1,0,0
3621,0,0,1
3622,1,0,0
3623,1,0,0
3624,0,0,1
3625,1,0,0
3626,1,0,0
3627,0,0,1
3628,0,0,1
3629,0,0,1
3630,0,0,1
3631,0,0,1
3632,1,0,0
3633,0,0,1
3634,1,0,0
3635,1,0,0
3636,1,0,0
3637,1,0,0
3638,1,0,0
3639,0,0,1
3640,1,0,0
3641,0,0,1
3642,0,0,1
3643,1,0,0
3644,0,0,1
3645,1,0,0
3646,1,0,0
3647,0,0,1
3648,1,0,0
3649,1,0,0
3650,0,0,1
3651,0,0,1
3652,0,0,1
3653,1,0,0
3654,1,0,0
3655,0,0,1
3656,1,0,0
3657,1,0,0
3658,0,0,1
3659,1,0,0
3660,1,0,0
3661,0,0,1
3662,1,0,0
3663,1,0,0
3664,1,0,0
3665,1,0,0
3666,1,0,0
3667,0,0,1
3668,0,0,1
3669,0,0,1
3670,0,0,1
3671,1,0,0
3672,0,0,1
3673,0,0,1
3674,1,0,0
3675,1,0,0
3676,1,0,0
3677,1,0,0
3678,1,0,0
3679,1,0,0
3680,1,0,0
3681,1,0,0
3682,0,0,1
3683,1,0,0
3684,0,0,1
3685,0,0,1
3686,0,0,1
3687,0,0,1
3688,1,0,0
3689,0,0,1
3690,0,0,1
3691,1,0,0
3692,0,0,1
3693,1,0,0
3694,1,0,0
3695,0,0,1
3696,0,0,1
3697,1,0,0
3698,1,0,0
3699,1,0,0
3700,1,0,0
3701,1,0,0
3702,1,0,0
3703,0,0,1
3704,1,0,0
3705,0,0,1
3706,0,0,1
3707,0,0,1
3708,0,0,1
3709,0,0,1
3710,0,0,1
3711,1,0,0
3712,1,0,0
3713,1,0,0
3714,1,0,0
3715,1,0,0
3716,0,0,1
3717,1,0,0
3718,1,0,0
3719,0,0,1
3720,1,0,0
3721,1,0,0
3722,1,0,0
3723,1,0,0
3724,1,0,0
3725,1,0,0
3726,1,0,0
3727,1,0,0
3728,1,0,0
3729,1,0,0
3730,1,0,0
3731,0,0,1
3732,1,0,0
3733,1,0,0
3734,0,0,1
3735,1,0,0
3736,0,0,1
3737,1,0,0
3738,0,1,0
3739,0,0,1
3740,0,0,1
3741,0,0,1
3742,1,0,0
3743,1,0,0
3744,1,0,0
3745,0,0,1
3746,1,0,0
3747,1,0,0
3748,0,0,1
3749,1,0,0
3750,1,0,0
3751,1,0,0
3752,1,0,0
3753,1,0,0
3754,1,0,0
3755,1,0,0
3756,1,0,0
3757,1,0,0
3758,0,0,1
3759,1,0,0
3760,1,0,0
3761,1,0,0
3762,0,0,1
3763,0,0,1
3764,0,0,1
3765,1,0,0
3766,1,0,0
3767,1,0,0
3768,1,0,0
3769,1,0,0
3770,1,0,0
3771,1,0,0
3772,1,0,0
3773,1,0,0
3774,1,0,0
3775,1,0,0
3776,1,0,0
3777,0,0,1
3778,1,0,0
3779,1,0,0
3780,1,0,0
3781,0,0,1
3782,1,0,0
3783,0,0,1
3784,0,0,1
3785,0,0,1
3786,1,0,0
3787,1,0,0
3788,1,0,0
3789,0,0,1
3790,1,0,0
3791,0,0,1
3792,1,0,0
3793,0,0,1
3794,1,0,0
3795,1,0,0
3796,0,0,1
3797,1,0,0
3798,1,0,0
3799,1,0,0
3800,1,0,0
3801,1,0,0
3802,1,0,0
3803,0,0,1
3804,1,0,0
3805,1,0,0
3806,1,0,0
3807,1,0,0
3808,1,0,0
3809,1,0,0
3810,1,0,0
3811,1,0,0
3812,0,0,1
3813,0,0,1
3814,1,0,0
3815,1,0,0
3816,0,0,1
3817,1,0,0
3818,0,0,1
3819,1,0,0
3820,0,0,1
3821,1,0,0
3822,0,0,1
3823,0,0,1
3824,1,0,0
3825,1,0,0
3826,1,0,0
3827,1,0,0
3828,1,0,0
3829,0,0,1
3830,1,0,0
3831,1,0,0
3832,1,0,0
3833,1,0,0
3834,0,0,1
3835,1,0,0
3836,1,0,0
3837,0,0,1
3838,1,0,0
3839,1,0,0
3840,1,0,0
3841,1,0,0
3842,1,0,0
3843,1,0,0
3844,1,0,0
3845,1,0,0
3846,0,0,1
3847,1,0,0
3848,1,0,0
3849,0,0,1
3850,0,0,1
3851,0,0,1
3852,1,0,0
3853,1,0,0
3854,1,0,0
3855,1,0,0
3856,0,0,1
3857,1,0,0
3858,1,0,0
3859,1,0,0
3860,0,0,1
3861,1,0,0
3862,1,0,0
3863,1,0,0
3864,0,0,1
3865,1,0,0
3866,1,0,0
3867,1,0,0
3868,0,0,1
3869,0,0,1
3870,1,0,0
3871,1,0,0
3872,1,0,0
3873,1,0,0
3874,1,0,0
3875,1,0,0
3876,0,0,1
3877,1,0,0
3878,1,0,0
3879,1,0,0
3880,0,0,1
3881,1,0,0
3882,1,0,0
3883,0,0,1
3884,1,0,0
3885,0,0,1
3886,0,0,1
3887,1,0,0
3888,1,0,0
3889,1,0,0
3890,1,0,0
3891,0,0,1
3892,1,0,0
3893,0,0,1
3894,1,0,0
3895,1,0,0
3896,0,0,1
3897,0,0,1
3898,1,0,0
3899,0,0,1
3900,0,0,1
3901,0,0,1
3902,0,0,1
3903,1,0,0
3904,0,0,1
3905,1,0,0
3906,1,0,0
3907,0,0,1
3908,1,0,0
3909,1,0,0
3910,1,0,0
3911,1,0,0
3912,1,0,0
3913,1,0,0
3914,1,0,0
3915,0,0,1
3916,0,0,1
3917,1,0,0
3918,1,0,0
3919,1,0,0
3920,1,0,0
3921,0,0,1
3922,1,0,0
3923,1,0,0
3924,1,0,0
3925,1,0,0
3926,1,0,0
3927,1,0,0
3928,1,0,0
3929,0,0,1
3930,0,0,1
3931,1,0,0
3932,1,0,0
3933,1,0,0
3934,1,0,0
3935,1,0,0
3936,1,0,0
3937,1,0,0
3938,1,0,0
3939,1,0,0
3940,1,0,0
3941,0,0,1
3942,1,0,0
3943,1,0,0
3944,1,0,0
3945,1,0,0
3946,0,0,1
3947,1,0,0
3948,0,0,1
3949,1,0,0
3950,1,0,0
3951,1,0,0
3952,1,0,0
3953,1,0,0
3954,0,0,1
3955,0,0,1
3956,1,0,0
3957,1,0,0
3958,1,0,0
3959,0,0,1
3960,0,0,1
3961,1,0,0
3962,1,0,0
3963,1,0,0
3964,0,0,1
3965,0,0,1
3966,0,0,1
3967,1,0,0
3968,1,0,0
3969,1,0,0
3970,1,0,0
3971,1,0,0
3972,1,0,0
3973,1,0,0
3974,1,0,0
3975,1,0,0
3976,1,0,0
3977,1,0,0
3978,1,0,0
3979,1,0,0
3980,1,0,0
3981,1,0,0
3982,1,0,0
3983,1,0,0
3984,1,0,0
3985,0,0,1
3986,1,0,0
3987,0,0,1
3988,1,0,0
3989,1,0,0
3990,1,0,0
3991,1,0,0
3992,0,0,1
3993,0,0,1
3994,1,0,0
3995,1,0,0
3996,1,0,0
3997,1,0,0
3998,0,0,1
3999,1,0,0
4000,1,0,0
4001,1,0,0
4002,0,0,1
4003,1,0,0
4004,0,0,1
4005,0,0,1
4006,0,0,1
4007,0,0,1
4008,0,0,1
4009,1,0,0
4010,1,0,0
4011,1,0,0
4012,1,0,0
4013,0,0,1
4014,0,0,1
4015,0,0,1
4016,1,0,0
4017,1,0,0
4018,1,0,0
4019,1,0,0
4020,0,0,1
4021,0,0,1
4022,0,0,1
4023,1,0,0
4024,0,0,1
4025,1,0,0
4026,1,0,0
4027,1,0,0
4028,1,0,0
4029,0,0,1
4030,1,0,0
4031,1,0,0
4032,0,0,1
4033,1,0,0
4034,0,0,1
4035,1,0,0
4036,1,0,0
4037,1,0,0
4038,0,0,1
4039,1,0,0
4040,1,0,0
4041,1,0,0
4042,1,0,0
4043,0,0,1
4044,0,0,1
4045,1,0,0
4046,0,0,1
4047,0,0,1
4048,0,0,1
4049,1,0,0
4050,1,0,0
4051,0,0,1
4052,1,0,0
4053,0,0,1
4054,0,0,1
4055,0,0,1
4056,0,0,1
4057,0,0,1
4058,1,0,0
4059,1,0,0
4060,1,0,0
4061,1,0,0
4062,0,0,1
4063,0,0,1
4064,1,0,0
4065,0,0,1
4066,1,0,0
4067,0,0,1
4068,1,0,0
4069,0,0,1
4070,1,0,0
4071,1,0,0
4072,1,0,0
4073,0,0,1
4074,1,0,0
4075,1,0,0
4076,0,0,1
4077,1,0,0
4078,1,0,0
4079,1,0,0
4080,1,0,0
4081,1,0,0
4082,1,0,0
4083,0,0,1
4084,1,0,0
4085,1,0,0
4086,1,0,0
4087,1,0,0
4088,0,0,1
4089,1,0,0
4090,1,0,0
4091,0,0,1
4092,1,0,0
4093,1,0,0
4094,1,0,0
4095,0,0,1
4096,0,0,1
4097,1,0,0
4098,1,0,0
4099,0,0,1
4100,0,0,1
4101,1,0,0
4102,1,0,0
4103,0,0,1
4104,0,0,1
4105,1,0,0
4106,1,0,0
4107,1,0,0
4108,1,0,0
4109,1,0,0
4110,1,0,0
4111,1,0,0
4112,1,0,0
4113,1,0,0
4114,1,0,0
4115,1,0,0
4116,0,0,1
4117,1,0,0
4118,1,0,0
4119,1,0,0
4120,1,0,0
4121,1,0,0
4122,1,0,0
4123,1,0,0
4124,0,0,1
4125,1,0,0
4126,1,0,0
4127,1,0,0
4128,1,0,0
4129,0,0,1
4130,1,0,0
4131,0,0,1
4132,1,0,0
4133,1,0,0
4134,1,0,0
4135,1,0,0
4136,1,0,0
4137,0,0,1
4138,0,1,0
4139,1,0,0
4140,1,0,0
4141,1,0,0
4142,1,0,0
4143,1,0,0
4144,1,0,0
4145,1,0,0
4146,1,0,0
4147,1,0,0
4148,1,0,0
4149,1,0,0
4150,0,0,1
4151,1,0,0
4152,1,0,0
4153,1,0,0
4154,0,0,1
4155,1,0,0
4156,0,0,1
4157,1,0,0
4158,1,0,0
4159,1,0,0
4160,0,0,1
4161,1,0,0
4162,0,0,1
4163,1,0,0
4164,0,0,1
4165,1,0,0
4166,1,0,0
4167,1,0,0
4168,0,0,1
4169,1,0,0
4170,1,0,0
4171,0,0,1
4172,1,0,0
4173,0,0,1
4174,1,0,0
4175,1,0,0
4176,1,0,0
4177,0,0,1
4178,0,0,1
4179,0,0,1
4180,1,0,0
4181,1,0,0
4182,0,0,1
4183,0,0,1
4184,0,0,1
4185,1,0,0
4186,1,0,0
4187,0,0,1
4188,0,0,1
4189,1,0,0
4190,1,0,0
4191,1,0,0
4192,1,0,0
4193,1,0,0
4194,0,0,1
4195,0,0,1
4196,0,0,1
4197,1,0,0
4198,1,0,0
4199,1,0,0
4200,1,0,0
4201,1,0,0
4202,1,0,0
4203,1,0,0
4204,0,0,1
4205,0,0,1
4206,1,0,0
4207,1,0,0
4208,0,0,1
4209,1,0,0
4210,0,0,1
4211,1,0,0
4212,1,0,0
4213,1,0,0
4214,1,0,0
4215,0,0,1
4216,1,0,0
4217,1,0,0
4218,1,0,0
4219,1,0,0
4220,1,0,0
4221,1,0,0
4222,1,0,0
4223,1,0,0
4224,0,0,1
4225,1,0,0
4226,1,0,0
4227,1,0,0
4228,1,0,0
4229,1,0,0
4230,0,0,1
4231,0,0,1
4232,1,0,0
4233,0,0,1
4234,0,0,1
4235,0,0,1
4236,0,0,1
4237,1,0,0
4238,1,0,0
4239,0,0,1
4240,0,0,1
4241,1,0,0
4242,0,0,1
4243,1,0,0
4244,0,0,1
4245,0,0,1
4246,0,0,1
4247,0,0,1
4248,0,0,1
4249,1,0,0
4250,1,0,0
4251,1,0,0
4252,1,0,0
4253,1,0,0
4254,1,0,0
4255,0,0,1
4256,1,0,0
4257,0,0,1
4258,0,0,1
4259,1,0,0
4260,0,0,1
4261,1,0,0
4262,1,0,0
4263,0,0,1
4264,1,0,0
4265,1,0,0
4266,0,0,1
4267,1,0,0
4268,1,0,0
4269,1,0,0
4270,1,0,0
4271,1,0,0
4272,0,0,1
4273,1,0,0
4274,0,0,1
4275,0,0,1
4276,0,0,1
4277,1,0,0
4278,1,0,0
4279,1,0,0
4280,1,0,0
4281,0,0,1
4282,1,0,0
4283,0,0,1
4284,0,0,1
4285,1,0,0
4286,0,0,1
4287,0,0,1
4288,1,0,0
4289,0,0,1
4290,0,0,1
4291,0,0,1
4292,1,0,0
4293,0,0,1
4294,1,0,0
4295,0,0,1
4296,1,0,0
4297,1,0,0
4298,0,0,1
4299,0,0,1
4300,0,0,1
4301,1,0,0
4302,0,0,1
4303,0,0,1
4304,1,0,0
4305,1,0,0
4306,1,0,0
4307,1,0,0
4308,1,0,0
4309,0,0,1
4310,0,0,1
4311,0,0,1
4312,0,0,1
4313,0,0,1
4314,0,0,1
4315,0,0,1
4316,1,0,0
4317,1,0,0
4318,1,0,0
4319,1,0,0
4320,1,0,0
4321,0,0,1
4322,0,0,1
4323,1,0,0
4324,1,0,0
4325,1,0,0
4326,1,0,0
4327,1,0,0
4328,0,0,1
4329,1,0,0
4330,0,0,1
4331,0,0,1
4332,1,0,0
4333,1,0,0
4334,0,0,1
4335,0,0,1
4336,1,0,0
4337,1,0,0
4338,0,0,1
4339,0,0,1
4340,1,0,0
4341,1,0,0
4342,1,0,0
4343,1,0,0
4344,1,0,0
4345,1,0,0
4346,0,0,1
4347,1,0,0
4348,0,0,1
4349,1,0,0
4350,1,0,0
4351,1,0,0
4352,0,0,1
4353,0,0,1
4354,1,0,0
4355,0,0,1
4356,1,0,0
4357,0,0,1
4358,0,0,1
4359,1,0,0
4360,1,0,0
4361,1,0,0
4362,0,0,1
4363,1,0,0
4364,0,0,1
4365,1,0,0
4366,1,0,0
4367,0,0,1
4368,1,0,0
4369,1,0,0
4370,1,0,0
4371,1,0,0
4372,1,0,0
4373,0,0,1
4374,1,0,0
4375,0,0,1
4376,1,0,0
4377,0,0,1
4378,1,0,0
4379,0,0,1
4380,0,0,1
4381,1,0,0
4382,0,0,1
4383,0,0,1
4384,1,0,0
4385,0,0,1
4386,1,0,0
4387,1,0,0
4388,0,0,1
4389,0,0,1
4390,1,0,0
4391,0,0,1
4392,1,0,0
4393,0,0,1
4394,1,0,0
4395,1,0,0
4396,0,0,1
4397,0,0,1
4398,0,0,1
4399,0,1,0
4400,0,0,1
4401,1,0,0
4402,1,0,0
4403,1,0,0
4404,1,0,0
4405,1,0,0
4406,1,0,0
4407,1,0,0
4408,1,0,0
4409,1,0,0
4410,1,0,0
4411,0,0,1
4412,0,0,1
4413,0,0,1
4414,0,0,1
4415,0,0,1
4416,1,0,0
4417,1,0,0
4418,1,0,0
4419,0,0,1
4420,0,0,1
4421,0,0,1
4422,1,0,0
4423,0,0,1
4424,1,0,0
4425,1,0,0
4426,1,0,0
4427,1,0,0
4428,0,0,1
4429,1,0,0
4430,1,0,0
4431,1,0,0
4432,1,0,0
4433,1,0,0
4434,1,0,0
4435,1,0,0
4436,1,0,0
4437,1,0,0
4438,0,0,1
4439,1,0,0
4440,1,0,0
4441,1,0,0
4442,1,0,0
4443,1,0,0
4444,1,0,0
4445,0,0,1
4446,0,0,1
4447,0,0,1
4448,1,0,0
4449,1,0,0
4450,1,0,0
4451,1,0,0
4452,1,0,0
4453,0,0,1
4454,1,0,0
4455,1,0,0
4456,0,0,1
4457,1,0,0
4458,1,0,0
4459,1,0,0
4460,1,0,0
4461,1,0,0
4462,1,0,0
4463,1,0,0
4464,1,0,0
4465,1,0,0
4466,0,0,1
4467,1,0,0
4468,0,0,1
4469,0,0,1
4470,0,0,1
4471,0,0,1
4472,0,0,1
4473,1,0,0
4474,0,0,1
4475,1,0,0
4476,1,0,0
4477,0,0,1
4478,0,0,1
4479,1,0,0
4480,1,0,0
4481,0,0,1
4482,1,0,0
4483,1,0,0
4484,1,0,0
4485,1,0,0
4486,0,0,1
4487,1,0,0
4488,1,0,0
4489,0,0,1
4490,0,0,1
4491,0,0,1
4492,1,0,0
4493,0,0,1
4494,0,0,1
4495,0,0,1
4496,1,0,0
4497,1,0,0
4498,0,0,1
4499,1,0,0
4500,0,0,1
4501,1,0,0
4502,0,0,1
4503,0,0,1
4504,1,0,0
4505,0,0,1
4506,0,0,1
4507,0,0,1
4508,1,0,0
4509,1,0,0
4510,1,0,0
4511,1,0,0
4512,0,0,1
4513,0,0,1
4514,1,0,0
4515,1,0,0
4516,1,0,0
4517,0,0,1
4518,1,0,0
4519,1,0,0
4520,1,0,0
4521,0,0,1
4522,1,0,0
4523,1,0,0
4524,1,0,0
4525,1,0,0
4526,1,0,0
4527,0,0,1
4528,1,0,0
4529,1,0,0
4530,0,0,1
4531,1,0,0
4532,0,0,1
4533,1,0,0
4534,1,0,0
4535,0,0,1
4536,1,0,0
4537,1,0,0
4538,1,0,0
4539,1,0,0
4540,0,0,1
4541,0,0,1
4542,1,0,0
4543,1,0,0
4544,0,0,1
4545,1,0,0
4546,1,0,0
4547,1,0,0
4548,1,0,0
4549,1,0,0
4550,0,0,1
4551,0,0,1
4552,0,0,1
4553,1,0,0
4554,1,0,0
4555,1,0,0
4556,1,0,0
4557,1,0,0
4558,1,0,0
4559,1,0,0
4560,0,0,1
4561,1,0,0
4562,1,0,0
4563,1,0,0
4564,0,0,1
4565,0,0,1
4566,1,0,0
4567,0,0,1
4568,1,0,0
4569,1,0,0
4570,1,0,0
4571,1,0,0
4572,1,0,0
4573,1,0,0
4574,1,0,0
4575,1,0,0
4576,1,0,0
4577,1,0,0
4578,0,0,1
4579,0,0,1
4580,1,0,0
4581,1,0,0
4582,1,0,0
4583,1,0,0
4584,0,0,1
4585,1,0,0
4586,1,0,0
4587,0,0,1
4588,0,0,1
4589,1,0,0
4590,0,0,1
4591,0,0,1
4592,1,0,0
4593,1,0,0
4594,1,0,0
4595,1,0,0
4596,0,0,1
4597,0,0,1
4598,0,0,1
4599,1,0,0
4600,0,0,1
4601,1,0,0
4602,1,0,0
4603,0,0,1
4604,1,0,0
4605,1,0,0
4606,0,0,1
4607,0,0,1
4608,1,0,0
4609,0,0,1
4610,1,0,0
4611,0,0,1
4612,1,0,0
4613,0,0,1
4614,0,0,1
4615,0,0,1
4616,0,0,1
4617,1,0,0
4618,0,0,1
4619,0,0,1
4620,1,0,0
4621,1,0,0
4622,1,0,0
4623,1,0,0
4624,0,0,1
4625,1,0,0
4626,1,0,0
4627,1,0,0
4628,0,0,1
4629,0,0,1
4630,1,0,0
4631,0,0,1
4632,1,0,0
4633,0,0,1
4634,0,0,1
4635,1,0,0
4636,1,0,0
4637,0,0,1
4638,1,0,0
4639,1,0,0
4640,1,0,0
4641,1,0,0
4642,1,0,0
4643,1,0,0
4644,1,0,0
4645,1,0,0
4646,0,0,1
4647,1,0,0
4648,0,0,1
4649,1,0,0
4650,1,0,0
4651,1,0,0
4652,1,0,0
4653,0,0,1
4654,0,0,1
4655,1,0,0
4656,1,0,0
4657,0,0,1
4658,0,0,1
4659,0,0,1
4660,1,0,0
4661,1,0,0
4662,1,0,0
4663,1,0,0
4664,0,0,1
4665,0,0,1
4666,0,0,1
4667,1,0,0
4668,1,0,0
4669,1,0,0
4670,0,0,1
4671,1,0,0
4672,1,0,0
4673,0,0,1
4674,0,0,1
4675,1,0,0
4676,1,0,0
4677,1,0,0
4678,1,0,0
4679,0,0,1
4680,1,0,0
4681,1,0,0
4682,1,0,0
4683,1,0,0
4684,1,0,0
4685,0,0,1
4686,0,0,1
4687,0,0,1
4688,0,0,1
4689,1,0,0
4690,1,0,0
4691,0,0,1
4692,1,0,0
4693,0,0,1
4694,1,0,0
4695,0,0,1
4696,0,0,1
4697,1,0,0
4698,1,0,0
4699,1,0,0
4700,0,0,1
4701,1,0,0
4702,1,0,0
4703,0,0,1
4704,1,0,0
4705,1,0,0
4706,1,0,0
4707,1,0,0
4708,1,0,0
4709,0,0,1
4710,1,0,0
4711,1,0,0
4712,1,0,0
4713,0,0,1
4714,0,0,1
4715,0,0,1
4716,0,0,1
4717,1,0,0
4718,0,0,1
4719,1,0,0
4720,1,0,0
4721,0,0,1
4722,1,0,0
4723,0,0,1
4724,1,0,0
4725,1,0,0
4726,1,0,0
4727,1,0,0
4728,0,0,1
4729,1,0,0
4730,1,0,0
4731,0,0,1
4732,1,0,0
4733,1,0,0
4734,1,0,0
4735,1,0,0
4736,1,0,0
4737,1,0,0
4738,1,0,0
4739,1,0,0
4740,1,0,0
4741,1,0,0
4742,1,0,0
4743,1,0,0
4744,0,0,1
4745,0,0,1
4746,0,0,1
4747,1,0,0
4748,1,0,0
4749,1,0,0
4750,0,0,1
4751,0,0,1
4752,1,0,0
4753,0,0,1
4754,1,0,0
4755,1,0,0
4756,1,0,0
4757,1,0,0
4758,0,0,1
4759,1,0,0
4760,1,0,0
4761,1,0,0
4762,1,0,0
4763,1,0,0
4764,1,0,0
4765,1,0,0
4766,1,0,0
4767,0,0,1
4768,0,0,1
4769,1,0,0
4770,0,0,1
4771,0,0,1
4772,1,0,0
4773,1,0,0
4774,0,0,1
4775,1,0,0
4776,1,0,0
4777,0,0,1
4778,1,0,0
4779,1,0,0
4780,0,0,1
4781,0,0,1
4782,1,0,0
4783,1,0,0
4784,1,0,0
4785,1,0,0
4786,1,0,0
4787,0,0,1
4788,1,0,0
4789,1,0,0
4790,1,0,0
4791,0,0,1
4792,0,0,1
4793,0,0,1
4794,0,0,1
4795,0,0,1
4796,1,0,0
4797,0,0,1
4798,1,0,0
4799,0,0,1
4800,1,0,0
4801,1,0,0
4802,0,0,1
4803,0,0,1
4804,1,0,0
4805,0,0,1
4806,1,0,0
4807,1,0,0
4808,1,0,0
4809,0,0,1
4810,1,0,0
4811,0,0,1
4812,1,0,0
4813,1,0,0
4814,1,0,0
4815,1,0,0
4816,1,0,0
4817,1,0,0
4818,1,0,0
4819,0,0,1
4820,1,0,0
4821,1,0,0
4822,1,0,0
4823,0,0,1
4824,1,0,0
4825,0,0,1
4826,0,0,1
4827,0,0,1
4828,1,0,0
4829,1,0,0
4830,1,0,0
4831,1,0,0
4832,1,0,0
4833,1,0,0
4834,1,0,0
4835,1,0,0
4836,1,0,0
4837,1,0,0
4838,1,0,0
4839,1,0,0
4840,1,0,0
4841,0,0,1
4842,0,0,1
4843,1,0,0
4844,1,0,0
4845,0,0,1
4846,0,0,1
4847,1,0,0
4848,0,0,1
4849,1,0,0
4850,1,0,0
4851,1,0,0
4852,1,0,0
4853,0,0,1
4854,1,0,0
4855,0,0,1
4856,1,0,0
4857,1,0,0
4858,1,0,0
4859,1,0,0
4860,0,0,1
4861,0,0,1
4862,1,0,0
4863,1,0,0
4864,0,0,1
4865,1,0,0
4866,1,0,0
4867,1,0,0
4868,1,0,0
4869,1,0,0
4870,0,0,1
4871,0,0,1
4872,1,0,0
4873,1,0,0
4874,1,0,0
4875,0,0,1
4876,1,0,0
4877,1,0,0
4878,1,0,0
4879,0,0,1
4880,0,0,1
4881,1,0,0
4882,1,0,0
4883,0,0,1
4884,1,0,0
4885,1,0,0
4886,1,0,0
4887,0,0,1
4888,0,0,1
4889,1,0,0
4890,1,0,0
4891,0,0,1
4892,0,1,0
4893,1,0,0
4894,0,0,1
4895,0,0,1
4896,1,0,0
4897,1,0,0
4898,1,0,0
4899,1,0,0
4900,0,0,1
4901,1,0,0
4902,1,0,0
4903,0,0,1
4904,1,0,0
4905,1,0,0
4906,1,0,0
4907,0,0,1
4908,1,0,0
4909,0,0,1
4910,0,0,1
4911,1,0,0
4912,1,0,0
4913,1,0,0
4914,0,0,1
4915,1,0,0
4916,0,0,1
4917,0,0,1
4918,1,0,0
4919,1,0,0
4920,1,0,0
4921,1,0,0
4922,1,0,0
4923,0,0,1
4924,0,0,1
4925,1,0,0
4926,1,0,0
4927,0,0,1
4928,0,0,1
4929,1,0,0
4930,0,0,1
4931,0,0,1
4932,1,0,0
4933,1,0,0
4934,1,0,0
4935,1,0,0
4936,1,0,0
4937,1,0,0
4938,0,0,1
4939,1,0,0
4940,1,0,0
4941,1,0,0
4942,1,0,0
4943,1,0,0
4944,1,0,0
4945,1,0,0
4946,1,0,0
4947,1,0,0
4948,0,0,1
4949,1,0,0
4950,1,0,0
4951,0,0,1
4952,1,0,0
4953,0,0,1
4954,0,0,1
4955,1,0,0
4956,1,0,0
4957,1,0,0
4958,0,0,1
4959,1,0,0
4960,0,0,1
4961,1,0,0
4962,0,0,1
4963,0,0,1
4964,1,0,0
4965,1,0,0
4966,1,0,0
4967,1,0,0
4968,0,0,1
4969,1,0,0
4970,0,0,1
4971,0,0,1
4972,1,0,0
4973,1,0,0
4974,1,0,0
4975,0,0,1
4976,0,0,1
4977,0,0,1
4978,0,0,1
4979,1,0,0
4980,1,0,0
4981,1,0,0
4982,1,0,0
4983,1,0,0
4984,0,0,1
4985,0,0,1
4986,1,0,0
4987,1,0,0
4988,1,0,0
4989,1,0,0
4990,1,0,0
4991,1,0,0
4992,1,0,0
4993,1,0,0
4994,1,0,0
4995,1,0,0
4996,0,0,1
4997,1,0,0
4998,0,0,1
4999,1,0,0
5000,1,0,0
5001,1,0,0
5002,0,0,1
5003,0,0,1
5004,1,0,0
5005,1,0,0
5006,1,0,0
5007,0,0,1
5008,1,0,0
5009,0,0,1
5010,1,0,0
5011,1,0,0
5012,1,0,0
5013,1,0,0
5014,1,0,0
5015,1,0,0
5016,0,0,1
5017,1,0,0
5018,1,0,0
5019,0,0,1
5020,1,0,0
5021,0,0,1
5022,1,0,0
5023,1,0,0
5024,1,0,0
5025,1,0,0
5026,0,0,1
5027,1,0,0
5028,1,0,0
5029,0,0,1
5030,1,0,0
5031,0,0,1
5032,1,0,0
5033,1,0,0
5034,0,0,1
5035,1,0,0
5036,0,0,1
5037,1,0,0
5038,0,0,1
5039,0,0,1
5040,1,0,0
5041,1,0,0
5042,1,0,0
5043,1,0,0
5044,0,0,1
5045,1,0,0
5046,1,0,0
5047,1,0,0
5048,1,0,0
5049,1,0,0
5050,0,0,1
5051,1,0,0
5052,1,0,0
5053,1,0,0
5054,0,0,1
5055,1,0,0
5056,0,0,1
5057,1,0,0
5058,1,0,0
5059,1,0,0
5060,1,0,0
5061,1,0,0
5062,0,0,1
5063,1,0,0
5064,0,0,1
5065,0,0,1
5066,1,0,0
5067,0,0,1
5068,1,0,0
5069,1,0,0
5070,1,0,0
5071,1,0,0
5072,1,0,0
5073,0,0,1
5074,1,0,0
5075,1,0,0
5076,1,0,0
5077,0,0,1
5078,1,0,0
5079,0,0,1
5080,0,0,1
5081,1,0,0
5082,0,0,1
5083,0,0,1
5084,1,0,0
5085,1,0,0
5086,0,0,1
5087,0,0,1
5088,1,0,0
5089,1,0,0
5090,0,0,1
5091,1,0,0
5092,0,0,1
5093,1,0,0
5094,0,0,1
5095,0,0,1
5096,1,0,0
5097,1,0,0
5098,0,0,1
5099,1,0,0
5100,1,0,0
5101,1,0,0
5102,0,0,1
5103,0,0,1
5104,1,0,0
5105,0,0,1
5106,0,0,1
5107,1,0,0
5108,1,0,0
5109,1,0,0
5110,1,0,0
5111,1,0,0
5112,0,0,1
5113,0,0,1
5114,1,0,0
5115,0,0,1
5116,1,0,0
5117,1,0,0
5118,0,0,1
5119,1,0,0
5120,1,0,0
5121,0,0,1
5122,1,0,0
5123,0,0,1
5124,1,0,0
5125,1,0,0
5126,1,0,0
5127,1,0,0
5128,1,0,0
5129,1,0,0
5130,1,0,0
5131,1,0,0
5132,0,0,1
5133,0,0,1
5134,0,0,1
5135,1,0,0
5136,1,0,0
5137,1,0,0
5138,0,0,1
5139,1,0,0
5140,0,0,1
5141,1,0,0
5142,0,0,1
5143,0,0,1
5144,0,0,1
5145,0,0,1
5146,0,0,1
5147,0,0,1
5148,1,0,0
5149,0,0,1
5150,0,0,1
5151,1,0,0
5152,0,0,1
5153,0,0,1
5154,1,0,0
5155,1,0,0
5156,1,0,0
5157,0,0,1
5158,1,0,0
5159,0,1,0
5160,0,0,1
5161,0,0,1
5162,1,0,0
5163,0,0,1
5164,1,0,0
5165,1,0,0
5166,1,0,0
5167,0,0,1
5168,0,0,1
5169,0,0,1
5170,0,0,1
5171,0,0,1
5172,1,0,0
5173,1,0,0
5174,0,0,1
5175,0,0,1
5176,0,0,1
5177,1,0,0
5178,1,0,0
5179,0,0,1
5180,1,0,0
5181,0,0,1
5182,0,0,1
5183,1,0,0
5184,0,0,1
5185,1,0,0
5186,1,0,0
5187,0,0,1
5188,0,0,1
5189,1,0,0
5190,1,0,0
5191,1,0,0
5192,1,0,0
5193,1,0,0
5194,0,0,1
5195,0,0,1
5196,0,0,1
5197,1,0,0
5198,0,0,1
5199,0,0,1
5200,1,0,0
5201,1,0,0
5202,1,0,0
5203,1,0,0
5204,0,0,1
5205,1,0,0
5206,0,0,1
5207,0,0,1
5208,1,0,0
5209,1,0,0
5210,1,0,0
5211,1,0,0
5212,0,0,1
5213,0,0,1
5214,1,0,0
5215,1,0,0
5216,1,0,0
5217,1,0,0
5218,1,0,0
5219,0,0,1
5220,0,0,1
5221,0,0,1
5222,1,0,0
5223,1,0,0
5224,0,0,1
5225,0,0,1
5226,1,0,0
5227,1,0,0
5228,1,0,0
5229,1,0,0
5230,1,0,0
5231,1,0,0
5232,1,0,0
5233,0,0,1
5234,1,0,0
5235,1,0,0
5236,1,0,0
5237,1,0,0
5238,0,0,1
5239,1,0,0
5240,0,0,1
5241,0,0,1
5242,1,0,0
5243,0,0,1
5244,0,0,1
5245,1,0,0
5246,0,0,1
5247,1,0,0
5248,1,0,0
5249,1,0,0
5250,1,0,0
5251,0,0,1
5252,0,0,1
5253,1,0,0
5254,1,0,0
5255,0,0,1
5256,0,0,1
5257,1,0,0
5258,0,0,1
5259,0,0,1
5260,0,0,1
5261,1,0,0
5262,0,0,1
5263,1,0,0
5264,1,0,0
5265,0,0,1
5266,1,0,0
5267,1,0,0
5268,1,0,0
5269,1,0,0
5270,0,0,1
5271,0,0,1
5272,0,0,1
5273,1,0,0
5274,1,0,0
5275,0,0,1
5276,1,0,0
5277,1,0,0
5278,0,0,1
5279,1,0,0
5280,1,0,0
5281,0,0,1
5282,1,0,0
5283,0,0,1
5284,1,0,0
5285,0,0,1
5286,0,0,1
5287,0,0,1
5288,1,0,0
5289,0,0,1
5290,1,0,0
5291,0,0,1
5292,0,0,1
5293,0,0,1
5294,1,0,0
5295,1,0,0
5296,1,0,0
5297,1,0,0
5298,1,0,0
5299,1,0,0
5300,1,0,0
5301,0,0,1
5302,1,0,0
5303,1,0,0
5304,1,0,0
5305,1,0,0
5306,1,0,0
5307,1,0,0
5308,1,0,0
5309,1,0,0
5310,1,0,0
5311,1,0,0
5312,0,0,1
5313,0,0,1
5314,1,0,0
5315,1,0,0
5316,1,0,0
5317,1,0,0
5318,1,0,0
5319,1,0,0
5320,1,0,0
5321,1,0,0
5322,1,0,0
5323,1,0,0
5324,1,0,0
5325,1,0,0
5326,1,0,0
5327,1,0,0
5328,0,0,1
5329,1,0,0
5330,0,0,1
5331,0,0,1
5332,1,0,0
5333,1,0,0
5334,1,0,0
5335,0,0,1
5336,1,0,0
5337,1,0,0
5338,1,0,0
5339,1,0,0
5340,1,0,0
5341,1,0,0
5342,1,0,0
5343,0,0,1
5344,0,0,1
5345,1,0,0
5346,0,0,1
5347,0,0,1
5348,0,0,1
5349,0,0,1
5350,0,0,1
5351,1,0,0
5352,1,0,0
5353,0,0,1
5354,1,0,0
5355,0,0,1
5356,0,0,1
5357,1,0,0
5358,1,0,0
5359,1,0,0
5360,1,0,0
5361,1,0,0
5362,1,0,0
5363,1,0,0
5364,0,0,1
5365,1,0,0
5366,0,0,1
5367,1,0,0
5368,0,0,1
5369,1,0,0
5370,1,0,0
5371,0,0,1
5372,1,0,0
5373,0,0,1
5374,1,0,0
5375,1,0,0
5376,0,0,1
5377,1,0,0
5378,0,0,1
5379,1,0,0
5380,1,0,0
5381,1,0,0
5382,0,0,1
5383,0,0,1
5384,1,0,0
5385,1,0,0
5386,0,0,1
5387,0,0,1
5388,1,0,0
5389,1,0,0
5390,0,0,1
5391,1,0,0
5392,1,0,0
5393,1,0,0
5394,1,0,0
5395,0,0,1
5396,1,0,0
5397,0,0,1
5398,1,0,0
5399,1,0,0
5400,1,0,0
5401,0,0,1
5402,0,0,1
5403,1,0,0
5404,0,0,1
5405,1,0,0
5406,1,0,0
5407,1,0,0
5408,1,0,0
5409,1,0,0
5410,0,0,1
5411,1,0,0
5412,1,0,0
5413,0,0,1
5414,0,0,1
5415,1,0,0
5416,1,0,0
5417,1,0,0
5418,0,0,1
5419,1,0,0
5420,0,0,1
5421,1,0,0
5422,1,0,0
5423,1,0,0
5424,0,0,1
5425,0,0,1
5426,0,0,1
5427,1,0,0
5428,0,0,1
5429,1,0,0
5430,0,0,1
5431,0,0,1
5432,1,0,0
5433,0,0,1
5434,0,0,1
5435,1,0,0
5436,0,0,1
5437,1,0,0
5438,1,0,0
5439,1,0,0
5440,0,0,1
5441,0,0,1
5442,1,0,0
5443,1,0,0
5444,0,0,1
5445,1,0,0
5446,0,0,1
5447,0,0,1
5448,1,0,0
5449,0,0,1
5450,0,0,1
5451,0,0,1
5452,1,0,0
5453,1,0,0
5454,1,0,0
5455,1,0,0
5456,1,0,0
5457,1,0,0
5458,0,0,1
5459,1,0,0
5460,0,0,1
5461,1,0,0
5462,1,0,0
5463,0,0,1
5464,0,0,1
5465,0,0,1
5466,0,0,1
5467,1,0,0
5468,1,0,0
5469,1,0,0
5470,0,0,1
5471,1,0,0
5472,1,0,0
5473,0,0,1
5474,1,0,0
5475,0,0,1
5476,1,0,0
5477,1,0,0
5478,0,0,1
5479,1,0,0
5480,1,0,0
5481,1,0,0
5482,0,0,1
5483,0,0,1
5484,1,0,0
5485,1,0,0
5486,0,0,1
5487,1,0,0
5488,1,0,0
5489,1,0,0
5490,1,0,0
5491,1,0,0
5492,1,0,0
5493,1,0,0
5494,1,0,0
5495,0,0,1
5496,1,0,0
5497,1,0,0
5498,0,0,1
5499,1,0,0
5500,0,1,0
5501,1,0,0
5502,0,0,1
5503,1,0,0
5504,0,0,1
5505,1,0,0
5506,1,0,0
5507,1,0,0
5508,1,0,0
5509,1,0,0
5510,1,0,0
5511,1,0,0
5512,1,0,0
5513,1,0,0
5514,0,0,1
5515,1,0,0
5516,1,0,0
5517,0,0,1
5518,0,0,1
5519,0,0,1
5520,1,0,0
5521,1,0,0
5522,0,0,1
5523,1,0,0
5524,0,0,1
5525,1,0,0
5526,1,0,0
5527,1,0,0
5528,0,0,1
5529,1,0,0
5530,1,0,0
5531,1,0,0
5532,0,0,1
5533,1,0,0
5534,1,0,0
5535,1,0,0
5536,0,0,1
5537,1,0,0
5538,0,0,1
5539,1,0,0
5540,1,0,0
5541,1,0,0
5542,1,0,0
5543,1,0,0
5544,0,0,1
5545,0,0,1
5546,1,0,0
5547,0,0,1
5548,1,0,0
5549,0,0,1
5550,0,0,1
5551,0,0,1
5552,1,0,0
5553,1,0,0
5554,1,0,0
5555,1,0,0
5556,1,0,0
5557,1,0,0
5558,1,0,0
5559,1,0,0
5560,1,0,0
5561,1,0,0
5562,1,0,0
5563,0,0,1
5564,1,0,0
5565,0,0,1
5566,0,0,1
5567,0,0,1
5568,0,0,1
5569,0,0,1
5570,1,0,0
5571,1,0,0
5572,0,0,1
5573,1,0,0
5574,1,0,0
5575,0,0,1
5576,0,0,1
5577,1,0,0
5578,1,0,0
5579,1,0,0
5580,1,0,0
5581,0,0,1
5582,1,0,0
5583,1,0,0
5584,1,0,0
5585,1,0,0
5586,1,0,0
5587,1,0,0
5588,0,0,1
5589,0,1,0
5590,1,0,0
5591,1,0,0
5592,1,0,0
5593,1,0,0
5594,1,0,0
5595,1,0,0
5596,1,0,0
5597,0,0,1
5598,0,0,1
5599,1,0,0
5600,0,0,1
5601,0,0,1
5602,0,0,1
5603,1,0,0
5604,0,0,1
5605,1,0,0
5606,0,0,1
5607,1,0,0
5608,1,0,0
5609,0,0,1
5610,1,0,0
5611,1,0,0
5612,1,0,0
5613,0,0,1
5614,1,0,0
5615,1,0,0
5616,0,0,1
5617,1,0,0
5618,0,0,1
5619,1,0,0
5620,1,0,0
5621,1,0,0
5622,0,0,1
5623,0,0,1
5624,1,0,0
5625,1,0,0
5626,1,0,0
5627,1,0,0
5628,0,0,1
5629,1,0,0
5630,1,0,0
5631,1,0,0
5632,1,0,0
5633,1,0,0
5634,1,0,0
5635,1,0,0
5636,1,0,0
5637,0,0,1
5638,1,0,0
5639,1,0,0
5640,1,0,0
5641,1,0,0
5642,0,0,1
5643,1,0,0
5644,0,0,1
5645,1,0,0
5646,1,0,0
5647,0,0,1
5648,1,0,0
5649,1,0,0
5650,0,0,1
5651,0,0,1
5652,0,0,1
5653,1,0,0
5654,1,0,0
5655,0,0,1
5656,1,0,0
5657,1,0,0
5658,1,0,0
5659,1,0,0
5660,0,0,1
5661,1,0,0
5662,1,0,0
5663,1,0,0
5664,1,0,0
5665,1,0,0
5666,1,0,0
5667,0,0,1
5668,1,0,0
5669,0,0,1
5670,1,0,0
5671,0,0,1
5672,1,0,0
5673,0,0,1
5674,1,0,0
5675,0,0,1
5676,0,0,1
5677,1,0,0
5678,1,0,0
5679,0,0,1
5680,0,0,1
5681,0,0,1
5682,0,0,1
5683,1,0,0
5684,0,0,1
5685,0,0,1
5686,1,0,0
5687,1,0,0
5688,1,0,0
5689,0,0,1
5690,0,0,1
5691,1,0,0
5692,1,0,0
5693,0,0,1
5694,1,0,0
5695,0,0,1
5696,1,0,0
5697,0,0,1
5698,1,0,0
5699,1,0,0
5700,0,0,1
5701,0,0,1
5702,1,0,0
5703,1,0,0
5704,1,0,0
5705,1,0,0
5706,1,0,0
5707,1,0,0
5708,1,0,0
5709,1,0,0
5710,1,0,0
5711,1,0,0
5712,0,0,1
5713,0,0,1
5714,1,0,0
5715,1,0,0
5716,0,0,1
5717,1,0,0
5718,0,0,1
5719,0,0,1
5720,0,0,1
5721,0,0,1
5722,1,0,0
5723,0,0,1
5724,1,0,0
5725,1,0,0
5726,1,0,0
5727,0,0,1
5728,1,0,0
5729,1,0,0
5730,1,0,0
5731,1,0,0
5732,1,0,0
5733,1,0,0
5734,1,0,0
5735,1,0,0
5736,1,0,0
5737,1,0,0
5738,1,0,0
5739,1,0,0
5740,1,0,0
5741,1,0,0
5742,1,0,0
5743,0,0,1
5744,1,0,0
5745,0,0,1
5746,1,0,0
5747,1,0,0
5748,0,0,1
5749,1,0,0
5750,1,0,0
5751,1,0,0
5752,1,0,0
5753,1,0,0
5754,1,0,0
5755,1,0,0
5756,1,0,0
5757,1,0,0
5758,1,0,0
5759,1,0,0
5760,1,0,0
5761,1,0,0
5762,1,0,0
5763,1,0,0
5764,0,0,1
5765,1,0,0
5766,1,0,0
5767,0,0,1
5768,0,0,1
5769,0,0,1
5770,0,0,1
5771,1,0,0
5772,1,0,0
5773,0,0,1
5774,1,0,0
5775,1,0,0
5776,1,0,0
5777,0,0,1
5778,0,0,1
5779,1,0,0
5780,1,0,0
5781,0,0,1
5782,1,0,0
5783,1,0,0
5784,1,0,0
5785,1,0,0
5786,1,0,0
5787,1,0,0
5788,0,0,1
5789,0,0,1
5790,0,0,1
5791,0,0,1
5792,1,0,0
5793,1,0,0
5794,1,0,0
5795,1,0,0
5796,0,0,1
5797,1,0,0
5798,0,0,1
5799,1,0,0
5800,1,0,0
5801,0,0,1
5802,0,0,1
5803,1,0,0
5804,1,0,0
5805,0,0,1
5806,0,0,1
5807,1,0,0
5808,1,0,0
5809,1,0,0
5810,1,0,0
5811,1,0,0
5812,0,0,1
5813,1,0,0
5814,0,0,1
5815,0,0,1
5816,0,0,1
5817,1,0,0
5818,1,0,0
5819,0,0,1
5820,0,0,1
5821,1,0,0
5822,0,0,1
5823,1,0,0
5824,1,0,0
5825,1,0,0
5826,1,0,0
5827,0,0,1
5828,0,0,1
5829,0,0,1
5830,0,0,1
5831,1,0,0
5832,1,0,0
5833,1,0,0
5834,1,0,0
5835,1,0,0
5836,1,0,0
5837,1,0,0
5838,1,0,0
5839,0,1,0
5840,0,0,1
5841,1,0,0
5842,1,0,0
5843,1,0,0
5844,0,0,1
5845,0,0,1
5846,0,0,1
5847,0,0,1
5848,1,0,0
5849,1,0,0
5850,0,1,0
5851,1,0,0
5852,0,0,1
5853,1,0,0
5854,1,0,0
5855,1,0,0
5856,1,0,0
5857,1,0,0
5858,0,0,1
5859,0,0,1
5860,1,0,0
5861,1,0,0
5862,1,0,0
5863,0,0,1
5864,1,0,0
5865,0,0,1
5866,1,0,0
5867,0,0,1
5868,1,0,0
5869,0,0,1
5870,1,0,0
5871,1,0,0
5872,1,0,0
5873,1,0,0
5874,1,0,0
5875,1,0,0
5876,0,0,1
5877,1,0,0
5878,1,0,0
5879,1,0,0
5880,1,0,0
5881,0,0,1
5882,1,0,0
5883,0,0,1
5884,0,0,1
5885,1,0,0
5886,1,0,0
5887,1,0,0
5888,1,0,0
5889,1,0,0
5890,1,0,0
5891,1,0,0
5892,1,0,0
5893,1,0,0
5894,1,0,0
5895,1,0,0
5896,0,0,1
5897,1,0,0
5898,1,0,0
5899,1,0,0
5900,0,0,1
5901,1,0,0
5902,0,0,1
5903,0,0,1
5904,0,0,1
5905,0,0,1
5906,0,0,1
5907,1,0,0
5908,0,0,1
5909,0,0,1
5910,0,0,1
5911,0,0,1
5912,1,0,0
5913,1,0,0
5914,0,0,1
5915,1,0,0
5916,1,0,0
5917,1,0,0
5918,1,0,0
5919,1,0,0
5920,1,0,0
5921,0,0,1
5922,1,0,0
5923,1,0,0
5924,1,0,0
5925,1,0,0
5926,0,0,1
5927,1,0,0
5928,1,0,0
5929,1,0,0
5930,1,0,0
5931,1,0,0
5932,1,0,0
5933,1,0,0
5934,1,0,0
5935,1,0,0
5936,0,0,1
5937,1,0,0
5938,0,0,1
5939,0,0,1
5940,1,0,0
5941,1,0,0
5942,0,0,1
5943,0,0,1
5944,1,0,0
5945,1,0,0
5946,0,0,1
5947,1,0,0
5948,1,0,0
5949,1,0,0
5950,0,0,1
5951,1,0,0
5952,1,0,0
5953,1,0,0
5954,1,0,0
5955,0,0,1
5956,1,0,0
5957,0,1,0
5958,1,0,0
5959,1,0,0
5960,1,0,0
5961,0,0,1
5962,0,0,1
5963,1,0,0
5964,0,0,1
5965,1,0,0
5966,1,0,0
5967,1,0,0
5968,1,0,0
5969,0,0,1
5970,0,0,1
5971,1,0,0
5972,0,0,1
5973,0,0,1
5974,1,0,0
5975,0,0,1
5976,0,0,1
5977,1,0,0
5978,1,0,0
5979,1,0,0
5980,1,0,0
5981,1,0,0
5982,0,0,1
5983,1,0,0
5984,0,0,1
5985,1,0,0
5986,1,0,0
5987,1,0,0
5988,0,0,1
5989,1,0,0
5990,1,0,0
5991,1,0,0
5992,1,0,0
5993,1,0,0
5994,0,0,1
5995,0,0,1
5996,1,0,0
5997,0,1,0
5998,1,0,0
5999,1,0,0
6000,1,0,0
6001,1,0,0
6002,0,0,1
6003,1,0,0
6004,0,0,1
6005,1,0,0
6006,1,0,0
6007,0,0,1
6008,0,0,1
6009,1,0,0
6010,1,0,0
6011,0,0,1
6012,1,0,0
6013,1,0,0
6014,1,0,0
6015,1,0,0
6016,1,0,0
6017,0,0,1
6018,1,0,0
6019,1,0,0
6020,1,0,0
6021,1,0,0
6022,0,0,1
6023,0,0,1
6024,1,0,0
6025,0,0,1
6026,1,0,0
6027,1,0,0
6028,1,0,0
6029,0,0,1
6030,1,0,0
6031,1,0,0
6032,0,0,1
6033,1,0,0
6034,1,0,0
6035,1,0,0
6036,1,0,0
6037,1,0,0
6038,1,0,0
6039,1,0,0
6040,1,0,0
6041,1,0,0
6042,0,0,1
6043,0,0,1
6044,1,0,0
6045,1,0,0
6046,1,0,0
6047,1,0,0
6048,0,0,1
6049,0,0,1
6050,1,0,0
6051,1,0,0
6052,1,0,0
6053,0,0,1
6054,1,0,0
6055,1,0,0
6056,0,0,1
6057,0,0,1
6058,0,0,1
6059,1,0,0
6060,1,0,0
6061,1,0,0
6062,1,0,0
6063,1,0,0
6064,1,0,0
6065,1,0,0
6066,1,0,0
6067,1,0,0
6068,1,0,0
6069,1,0,0
6070,0,0,1
6071,1,0,0
6072,1,0,0
6073,1,0,0
6074,0,0,1
6075,1,0,0
6076,1,0,0
6077,0,0,1
6078,0,0,1
6079,0,0,1
6080,0,0,1
6081,0,0,1
6082,0,0,1
6083,1,0,0
6084,0,0,1
6085,0,0,1
6086,0,0,1
6087,1,0,0
6088,0,0,1
6089,0,0,1
6090,1,0,0
6091,1,0,0
6092,1,0,0
6093,1,0,0
6094,0,0,1
6095,0,0,1
6096,0,0,1
6097,1,0,0
6098,0,0,1
6099,1,0,0
6100,0,0,1
6101,1,0,0
6102,0,0,1
6103,1,0,0
6104,1,0,0
6105,0,0,1
6106,1,0,0
6107,1,0,0
6108,0,0,1
6109,1,0,0
6110,1,0,0
6111,1,0,0
6112,0,0,1
6113,1,0,0
6114,1,0,0
6115,1,0,0
6116,1,0,0
6117,1,0,0
6118,1,0,0
6119,1,0,0
6120,1,0,0
6121,1,0,0
6122,1,0,0
6123,1,0,0
6124,1,0,0
6125,1,0,0
6126,1,0,0
6127,1,0,0
6128,1,0,0
6129,1,0,0
6130,0,0,1
6131,1,0,0
6132,1,0,0
6133,0,0,1
6134,1,0,0
6135,0,0,1
6136,0,0,1
6137,0,0,1
6138,1,0,0
6139,0,0,1
6140,1,0,0
6141,1,0,0
6142,0,0,1
6143,1,0,0
6144,0,0,1
6145,0,0,1
6146,0,0,1
6147,1,0,0
6148,1,0,0
6149,1,0,0
6150,0,0,1
6151,1,0,0
6152,1,0,0
6153,1,0,0
6154,1,0,0
6155,0,0,1
6156,1,0,0
6157,0,0,1
6158,1,0,0
6159,1,0,0
6160,0,0,1
6161,1,0,0
6162,0,0,1
6163,0,0,1
6164,1,0,0
6165,0,0,1
6166,1,0,0
6167,0,0,1
6168,1,0,0
6169,0,0,1
6170,1,0,0
6171,0,0,1
6172,0,0,1
6173,1,0,0
6174,0,0,1
6175,1,0,0
6176,1,0,0
6177,1,0,0
6178,1,0,0
6179,0,0,1
6180,0,0,1
6181,1,0,0
6182,0,0,1
6183,1,0,0
6184,0,0,1
6185,1,0,0
6186,0,0,1
6187,1,0,0
6188,1,0,0
6189,1,0,0
6190,0,0,1
6191,1,0,0
6192,0,0,1
6193,0,1,0
6194,1,0,0
6195,0,0,1
6196,1,0,0
6197,1,0,0
6198,0,0,1
6199,0,0,1
6200,0,0,1
6201,1,0,0
6202,0,0,1
6203,1,0,0
6204,1,0,0
6205,1,0,0
6206,1,0,0
6207,1,0,0
6208,0,0,1
6209,1,0,0
6210,1,0,0
6211,1,0,0
6212,1,0,0
6213,1,0,0
6214,1,0,0
6215,1,0,0
6216,1,0,0
6217,1,0,0
6218,1,0,0
6219,1,0,0
6220,1,0,0
6221,0,0,1
6222,1,0,0
6223,0,0,1
6224,0,0,1
6225,1,0,0
6226,1,0,0
6227,0,0,1
6228,0,0,1
6229,0,0,1
6230,0,0,1
6231,1,0,0
6232,0,0,1
6233,1,0,0
6234,0,0,1
6235,1,0,0
6236,1,0,0
6237,1,0,0
6238,1,0,0
6239,1,0,0
6240,1,0,0
6241,1,0,0
6242,1,0,0
6243,1,0,0
6244,1,0,0
6245,1,0,0
6246,0,0,1
6247,1,0,0
6248,1,0,0
6249,1,0,0
6250,1,0,0
6251,1,0,0
6252,1,0,0
6253,1,0,0
6254,1,0,0
6255,1,0,0
6256,1,0,0
6257,0,0,1
6258,1,0,0
6259,1,0,0
6260,0,0,1
6261,0,0,1
6262,1,0,0
6263,1,0,0
6264,1,0,0
6265,0,0,1
6266,1,0,0
6267,1,0,0
6268,0,0,1
6269,1,0,0
6270,0,0,1
6271,1,0,0
6272,0,0,1
6273,0,0,1
6274,1,0,0
6275,0,0,1
6276,1,0,0
6277,0,0,1
6278,1,0,0
6279,1,0,0
6280,0,0,1
6281,1,0,0
6282,1,0,0
6283,0,0,1
6284,1,0,0
6285,0,0,1
6286,1,0,0
6287,0,0,1
6288,1,0,0
6289,0,0,1
6290,1,0,0
6291,0,0,1
6292,1,0,0
6293,0,0,1
6294,1,0,0
6295,1,0,0
6296,0,0,1
6297,0,0,1
6298,1,0,0
6299,0,0,1
6300,0,0,1
6301,1,0,0
6302,0,0,1
6303,1,0,0
6304,1,0,0
6305,0,0,1
6306,0,0,1
6307,1,0,0
6308,1,0,0
6309,1,0,0
6310,0,0,1
6311,1,0,0
6312,1,0,0
6313,0,0,1
6314,0,0,1
6315,1,0,0
6316,1,0,0
6317,0,0,1
6318,1,0,0
6319,1,0,0
6320,1,0,0
6321,1,0,0
6322,1,0,0
6323,1,0,0
6324,1,0,0
6325,1,0,0
6326,1,0,0
6327,0,0,1
6328,1,0,0
6329,1,0,0
6330,0,0,1
6331,1,0,0
6332,0,0,1
6333,1,0,0
6334,1,0,0
6335,1,0,0
6336,1,0,0
6337,1,0,0
6338,1,0,0
6339,1,0,0
6340,1,0,0
6341,0,0,1
6342,0,0,1
6343,0,0,1
6344,0,0,1
6345,1,0,0
6346,1,0,0
6347,1,0,0
6348,1,0,0
6349,1,0,0
6350,1,0,0
6351,1,0,0
6352,1,0,0
6353,0,0,1
6354,0,0,1
6355,1,0,0
6356,0,0,1
6357,1,0,0
6358,1,0,0
6359,1,0,0
6360,0,0,1
6361,1,0,0
6362,1,0,0
6363,1,0,0
6364,0,0,1
6365,0,0,1
6366,0,0,1
6367,1,0,0
6368,0,0,1
6369,1,0,0
6370,0,0,1
6371,1,0,0
6372,1,0,0
6373,1,0,0
6374,1,0,0
6375,0,0,1
6376,1,0,0
6377,0,0,1
6378,0,0,1
6379,1,0,0
6380,1,0,0
6381,1,0,0
6382,0,0,1
6383,1,0,0
6384,1,0,0
6385,0,0,1
6386,1,0,0
6387,1,0,0
6388,1,0,0
6389,0,0,1
6390,0,0,1
6391,0,0,1
6392,1,0,0
6393,1,0,0
6394,1,0,0
6395,1,0,0
6396,0,0,1
6397,1,0,0
6398,1,0,0
6399,1,0,0
6400,1,0,0
6401,0,0,1
6402,0,0,1
6403,1,0,0
6404,0,0,1
6405,0,0,1
6406,0,0,1
6407,1,0,0
6408,1,0,0
6409,0,0,1
6410,1,0,0
6411,1,0,0
6412,1,0,0
6413,1,0,0
6414,1,0,0
6415,1,0,0
6416,0,0,1
6417,1,0,0
6418,0,0,1
6419,1,0,0
6420,1,0,0
6421,1,0,0
6422,1,0,0
6423,0,0,1
6424,1,0,0
6425,0,1,0
6426,1,0,0
6427,0,0,1
6428,1,0,0
6429,1,0,0
6430,1,0,0
6431,1,0,0
6432,1,0,0
6433,1,0,0
6434,1,0,0
6435,1,0,0
6436,1,0,0
6437,1,0,0
6438,1,0,0
6439,1,0,0
6440,1,0,0
6441,1,0,0
6442,0,0,1
6443,0,0,1
6444,1,0,0
6445,1,0,0
6446,1,0,0
6447,0,0,1
6448,0,0,1
6449,0,0,1
6450,1,0,0
6451,1,0,0
6452,1,0,0
6453,0,0,1
6454,1,0,0
6455,1,0,0
6456,0,0,1
6457,1,0,0
6458,0,0,1
6459,1,0,0
6460,1,0,0
6461,1,0,0
6462,1,0,0
6463,1,0,0
6464,1,0,0
6465,0,0,1
6466,1,0,0
6467,1,0,0
6468,1,0,0
6469,1,0,0
6470,0,0,1
6471,1,0,0
6472,1,0,0
6473,0,0,1
6474,1,0,0
6475,1,0,0
6476,1,0,0
6477,1,0,0
6478,1,0,0
6479,0,0,1
6480,1,0,0
6481,0,0,1
6482,0,0,1
6483,1,0,0
6484,1,0,0
6485,0,0,1
6486,1,0,0
6487,0,0,1
6488,1,0,0
6489,1,0,0
6490,1,0,0
6491,1,0,0
6492,1,0,0
6493,1,0,0
6494,1,0,0
6495,0,0,1
6496,1,0,0
6497,1,0,0
6498,1,0,0
6499,1,0,0
6500,0,0,1
6501,0,0,1
6502,1,0,0
6503,1,0,0
6504,1,0,0
6505,0,0,1
6506,0,0,1
6507,1,0,0
6508,0,0,1
6509,1,0,0
6510,1,0,0
6511,1,0,0
6512,1,0,0
6513,0,0,1
6514,1,0,0
6515,0,0,1
6516,1,0,0
6517,0,0,1
6518,1,0,0
6519,0,0,1
6520,1,0,0
6521,1,0,0
6522,0,0,1
6523,0,0,1
6524,1,0,0
6525,1,0,0
6526,0,0,1
6527,1,0,0
6528,0,0,1
6529,1,0,0
6530,1,0,0
6531,1,0,0
6532,1,0,0
6533,1,0,0
6534,0,0,1
6535,1,0,0
6536,1,0,0
6537,0,1,0
6538,1,0,0
6539,1,0,0
6540,1,0,0
6541,1,0,0
6542,1,0,0
6543,0,0,1
6544,0,0,1
6545,0,0,1
6546,1,0,0
6547,1,0,0
6548,0,0,1
6549,1,0,0
6550,0,0,1
6551,1,0,0
6552,1,0,0
6553,1,0,0
6554,1,0,0
6555,0,0,1
6556,1,0,0
6557,1,0,0
6558,1,0,0
6559,1,0,0
6560,0,0,1
6561,0,0,1
6562,0,0,1
6563,0,0,1
6564,1,0,0
6565,1,0,0
6566,1,0,0
6567,1,0,0
6568,0,0,1
6569,1,0,0
6570,0,0,1
6571,1,0,0
6572,1,0,0
6573,0,0,1
6574,1,0,0
6575,1,0,0
6576,1,0,0
6577,1,0,0
6578,0,0,1
6579,1,0,0
6580,1,0,0
6581,1,0,0
6582,1,0,0
6583,1,0,0
6584,0,0,1
6585,1,0,0
6586,0,0,1
6587,0,0,1
6588,0,0,1
6589,1,0,0
6590,1,0,0
6591,1,0,0
6592,0,0,1
6593,1,0,0
6594,0,0,1
6595,0,0,1
6596,1,0,0
6597,0,0,1
6598,0,0,1
6599,0,0,1
6600,1,0,0
6601,0,0,1
6602,1,0,0
6603,1,0,0
6604,1,0,0
6605,1,0,0
6606,0,0,1
6607,1,0,0
6608,1,0,0
6609,1,0,0
6610,1,0,0
6611,0,0,1
6612,0,0,1
6613,1,0,0
6614,1,0,0
6615,1,0,0
6616,0,0,1
6617,1,0,0
6618,1,0,0
6619,0,0,1
6620,0,0,1
6621,0,0,1
6622,1,0,0
6623,1,0,0
6624,0,0,1
6625,0,0,1
6626,1,0,0
6627,1,0,0
6628,0,0,1
6629,0,0,1
6630,1,0,0
6631,1,0,0
6632,1,0,0
6633,0,0,1
6634,1,0,0
6635,1,0,0
6636,1,0,0
6637,1,0,0
6638,1,0,0
6639,0,0,1
6640,0,0,1
6641,1,0,0
6642,0,0,1
6643,1,0,0
6644,1,0,0
6645,1,0,0
6646,1,0,0
6647,1,0,0
6648,1,0,0
6649,1,0,0
6650,1,0,0
6651,1,0,0
6652,1,0,0
6653,0,0,1
6654,0,0,1
6655,1,0,0
6656,1,0,0
6657,1,0,0
6658,0,0,1
6659,1,0,0
6660,1,0,0
6661,1,0,0
6662,1,0,0
6663,1,0,0
6664,1,0,0
6665,1,0,0
6666,1,0,0
6667,1,0,0
6668,0,0,1
6669,0,0,1
6670,1,0,0
6671,0,0,1
6672,1,0,0
6673,1,0,0
6674,0,0,1
6675,0,0,1
6676,0,0,1
6677,0,0,1
6678,1,0,0
6679,1,0,0
6680,1,0,0
6681,1,0,0
6682,1,0,0
6683,1,0,0
6684,0,0,1
6685,0,0,1
6686,0,0,1
6687,1,0,0
6688,0,0,1
6689,1,0,0
6690,1,0,0
6691,1,0,0
6692,1,0,0
6693,1,0,0
6694,1,0,0
6695,0,0,1
6696,1,0,0
6697,1,0,0
6698,1,0,0
6699,1,0,0
6700,1,0,0
6701,1,0,0
6702,1,0,0
6703,1,0,0
6704,1,0,0
6705,0,1,0
6706,0,0,1
6707,1,0,0
6708,0,0,1
6709,0,0,1
6710,0,0,1
6711,1,0,0
6712,0,0,1
6713,1,0,0
6714,1,0,0
6715,0,0,1
6716,1,0,0
6717,0,0,1
6718,1,0,0
6719,0,0,1
6720,0,1,0
6721,1,0,0
6722,1,0,0
6723,1,0,0
6724,0,0,1
6725,1,0,0
6726,1,0,0
6727,0,0,1
6728,0,0,1
6729,1,0,0
6730,0,0,1
6731,1,0,0
6732,1,0,0
6733,1,0,0
6734,1,0,0
6735,1,0,0
6736,1,0,0
6737,0,0,1
6738,1,0,0
6739,1,0,0
6740,1,0,0
6741,1,0,0
6742,0,0,1
6743,1,0,0
6744,0,0,1
6745,1,0,0
6746,1,0,0
6747,0,0,1
6748,1,0,0
6749,0,0,1
6750,1,0,0
6751,0,0,1
6752,0,0,1
6753,0,0,1
6754,1,0,0
6755,1,0,0
6756,1,0,0
6757,0,0,1
6758,1,0,0
6759,1,0,0
6760,1,0,0
6761,1,0,0
6762,1,0,0
6763,1,0,0
6764,1,0,0
6765,1,0,0
6766,0,0,1
6767,0,0,1
6768,0,0,1
6769,0,0,1
6770,0,0,1
6771,0,0,1
6772,1,0,0
6773,1,0,0
6774,0,0,1
6775,1,0,0
6776,1,0,0
6777,1,0,0
6778,1,0,0
6779,0,0,1
6780,0,0,1
6781,1,0,0
6782,1,0,0
6783,1,0,0
6784,1,0,0
6785,1,0,0
6786,0,0,1
6787,1,0,0
6788,0,0,1
6789,1,0,0
6790,0,0,1
6791,1,0,0
6792,1,0,0
6793,1,0,0
6794,0,0,1
6795,1,0,0
6796,1,0,0
6797,1,0,0
6798,1,0,0
6799,1,0,0
6800,0,0,1
6801,0,0,1
6802,0,0,1
6803,1,0,0
6804,0,0,1
6805,0,0,1
6806,0,0,1
6807,1,0,0
6808,1,0,0
6809,1,0,0
6810,0,0,1
6811,1,0,0
6812,1,0,0
6813,0,1,0
6814,1,0,0
6815,1,0,0
6816,0,0,1
6817,1,0,0
6818,0,0,1
6819,0,0,1
6820,1,0,0
6821,1,0,0
6822,0,0,1
6823,0,0,1
6824,1,0,0
6825,0,0,1
6826,1,0,0
6827,1,0,0
6828,1,0,0
6829,1,0,0
6830,0,0,1
6831,0,0,1
6832,1,0,0
6833,1,0,0
6834,1,0,0
6835,0,0,1
6836,1,0,0
6837,1,0,0
6838,1,0,0
6839,1,0,0
6840,1,0,0
6841,1,0,0
6842,1,0,0
6843,0,0,1
6844,0,0,1
6845,1,0,0
6846,1,0,0
6847,1,0,0
6848,0,0,1
6849,1,0,0
6850,1,0,0
6851,1,0,0
6852,1,0,0
6853,0,0,1
6854,1,0,0
6855,0,0,1
6856,1,0,0
6857,1,0,0
6858,1,0,0
6859,0,0,1
6860,1,0,0
6861,0,0,1
6862,1,0,0
6863,0,0,1
6864,0,0,1
6865,1,0,0
6866,0,0,1
6867,1,0,0
6868,1,0,0
6869,0,0,1
6870,1,0,0
6871,1,0,0
6872,1,0,0
6873,1,0,0
6874,0,0,1
6875,0,0,1
6876,0,0,1
6877,1,0,0
6878,1,0,0
6879,1,0,0
6880,1,0,0
6881,0,0,1
6882,1,0,0
6883,1,0,0
6884,1,0,0
6885,0,0,1
6886,1,0,0
6887,1,0,0
6888,1,0,0
6889,1,0,0
6890,1,0,0
6891,1,0,0
6892,1,0,0
6893,1,0,0
6894,0,0,1
6895,1,0,0
6896,0,0,1
6897,0,0,1
6898,0,0,1
6899,1,0,0
6900,1,0,0
6901,0,0,1
6902,1,0,0
6903,1,0,0
6904,1,0,0
6905,0,0,1
6906,0,0,1
6907,1,0,0
6908,1,0,0
6909,1,0,0
6910,1,0,0
6911,0,0,1
6912,1,0,0
6913,0,0,1
6914,0,0,1
6915,1,0,0
6916,1,0,0
6917,1,0,0
6918,1,0,0
6919,1,0,0
6920,0,0,1
6921,1,0,0
6922,1,0,0
6923,0,0,1
6924,1,0,0
6925,0,0,1
6926,1,0,0
6927,1,0,0
6928,1,0,0
6929,1,0,0
6930,1,0,0
6931,0,0,1
6932,1,0,0
6933,0,0,1
6934,0,0,1
6935,1,0,0
6936,1,0,0
6937,1,0,0
6938,1,0,0
6939,1,0,0
6940,1,0,0
6941,1,0,0
6942,1,0,0
6943,1,0,0
6944,1,0,0
6945,1,0,0
6946,0,0,1
6947,1,0,0
6948,0,0,1
6949,0,0,1
6950,1,0,0
6951,0,0,1
6952,1,0,0
6953,1,0,0
6954,1,0,0
6955,1,0,0
6956,1,0,0
6957,0,0,1
6958,0,0,1
6959,0,0,1
6960,0,0,1
6961,1,0,0
6962,1,0,0
6963,0,0,1
6964,1,0,0
6965,0,0,1
6966,0,0,1
6967,1,0,0
6968,1,0,0
6969,0,0,1
6970,0,0,1
6971,1,0,0
6972,1,0,0
6973,1,0,0
6974,1,0,0
6975,1,0,0
6976,1,0,0
6977,0,0,1
6978,0,0,1
6979,1,0,0
6980,1,0,0
6981,1,0,0
6982,1,0,0
6983,0,0,1
6984,0,0,1
6985,1,0,0
6986,1,0,0
6987,0,0,1
6988,1,0,0
6989,0,0,1
6990,1,0,0
6991,1,0,0
6992,1,0,0
6993,0,0,1
6994,1,0,0
6995,1,0,0
6996,0,0,1
6997,0,0,1
6998,1,0,0
6999,1,0,0
7000,1,0,0
7001,1,0,0
7002,1,0,0
7003,0,0,1
7004,0,0,1
7005,1,0,0
7006,1,0,0
7007,1,0,0
7008,1,0,0
7009,1,0,0
7010,0,0,1
7011,1,0,0
7012,0,0,1
7013,1,0,0
7014,0,0,1
7015,0,0,1
7016,0,0,1
7017,0,0,1
7018,0,0,1
7019,0,0,1
7020,1,0,0
7021,1,0,0
7022,0,0,1
7023,1,0,0
7024,1,0,0
7025,0,0,1
7026,1,0,0
7027,1,0,0
7028,1,0,0
7029,1,0,0
7030,1,0,0
7031,0,0,1
7032,0,0,1
7033,1,0,0
7034,0,0,1
7035,0,0,1
7036,1,0,0
7037,1,0,0
7038,0,0,1
7039,1,0,0
7040,1,0,0
7041,1,0,0
7042,1,0,0
7043,0,0,1
7044,1,0,0
7045,1,0,0
7046,1,0,0
7047,0,0,1
7048,1,0,0
7049,1,0,0
7050,0,0,1
7051,0,0,1
7052,0,0,1
7053,1,0,0
7054,0,0,1
7055,0,0,1
7056,1,0,0
7057,0,0,1
7058,1,0,0
7059,0,0,1
7060,1,0,0
7061,0,0,1
7062,0,0,1
7063,0,0,1
7064,0,0,1
7065,0,0,1
7066,1,0,0
7067,1,0,0
7068,1,0,0
7069,1,0,0
7070,1,0,0
7071,0,0,1
7072,0,0,1
7073,0,0,1
7074,0,0,1
7075,0,0,1
7076,1,0,0
7077,0,0,1
7078,1,0,0
7079,0,0,1
7080,0,0,1
7081,1,0,0
7082,1,0,0
7083,1,0,0
7084,0,0,1
7085,0,0,1
7086,1,0,0
7087,1,0,0
7088,0,0,1
7089,1,0,0
7090,0,0,1
7091,0,0,1
7092,1,0,0
7093,1,0,0
7094,0,0,1
7095,1,0,0
7096,0,0,1
7097,0,0,1
7098,1,0,0
7099,0,0,1
7100,1,0,0
7101,1,0,0
7102,1,0,0
7103,1,0,0
7104,1,0,0
7105,0,0,1
7106,1,0,0
7107,1,0,0
7108,1,0,0
7109,1,0,0
7110,1,0,0
7111,0,0,1
7112,0,0,1
7113,0,0,1
7114,1,0,0
7115,0,0,1
7116,0,0,1
7117,0,0,1
7118,1,0,0
7119,1,0,0
7120,0,0,1
7121,1,0,0
7122,1,0,0
7123,1,0,0
7124,1,0,0
7125,1,0,0
7126,1,0,0
7127,1,0,0
7128,1,0,0
7129,1,0,0
7130,1,0,0
7131,0,0,1
7132,1,0,0
7133,0,0,1
7134,1,0,0
7135,0,0,1
7136,1,0,0
7137,0,0,1
7138,0,0,1
7139,0,0,1
7140,1,0,0
7141,1,0,0
7142,1,0,0
7143,0,0,1
7144,1,0,0
7145,1,0,0
7146,1,0,0
7147,1,0,0
7148,1,0,0
7149,1,0,0
7150,1,0,0
7151,1,0,0
7152,1,0,0
7153,1,0,0
7154,1,0,0
7155,1,0,0
7156,0,0,1
7157,1,0,0
7158,1,0,0
7159,0,0,1
7160,0,0,1
7161,1,0,0
7162,1,0,0
7163,1,0,0
7164,1,0,0
7165,1,0,0
7166,1,0,0
7167,1,0,0
7168,1,0,0
7169,1,0,0
7170,0,0,1
7171,1,0,0
7172,1,0,0
7173,1,0,0
7174,0,0,1
7175,1,0,0
7176,1,0,0
7177,1,0,0
7178,1,0,0
7179,1,0,0
7180,0,0,1
7181,1,0,0
7182,0,0,1
7183,1,0,0
7184,1,0,0
7185,1,0,0
7186,0,0,1
7187,1,0,0
7188,0,0,1
7189,1,0,0
7190,0,0,1
7191,0,0,1
7192,1,0,0
7193,1,0,0
7194,1,0,0
7195,0,0,1
7196,1,0,0
7197,1,0,0
7198,1,0,0
7199,1,0,0
7200,1,0,0
7201,0,0,1
7202,0,0,1
7203,0,0,1
7204,1,0,0
7205,0,0,1
7206,1,0,0
7207,1,0,0
7208,0,0,1
7209,0,0,1
7210,0,0,1
7211,1,0,0
7212,0,0,1
7213,1,0,0
7214,1,0,0
7215,1,0,0
7216,0,0,1
7217,1,0,0
7218,1,0,0
7219,0,0,1
7220,1,0,0
7221,0,0,1
7222,1,0,0
7223,0,0,1
7224,0,0,1
7225,0,0,1
7226,1,0,0
7227,0,0,1
7228,0,0,1
7229,1,0,0
7230,1,0,0
7231,0,0,1
7232,1,0,0
7233,0,0,1
7234,0,0,1
7235,1,0,0
7236,1,0,0
7237,1,0,0
7238,1,0,0
7239,0,0,1
7240,0,0,1
7241,0,0,1
7242,0,0,1
7243,0,0,1
7244,1,0,0
7245,1,0,0
7246,0,0,1
7247,0,0,1
7248,1,0,0
7249,1,0,0
7250,0,0,1
7251,1,0,0
7252,1,0,0
7253,1,0,0
7254,0,0,1
7255,0,0,1
7256,1,0,0
7257,1,0,0
7258,1,0,0
7259,1,0,0
7260,1,0,0
7261,1,0,0
7262,1,0,0
7263,0,0,1
7264,1,0,0
7265,1,0,0
7266,1,0,0
7267,1,0,0
7268,0,0,1
7269,0,0,1
7270,1,0,0
7271,0,0,1
7272,1,0,0
7273,1,0,0
7274,1,0,0
7275,0,0,1
7276,1,0,0
7277,1,0,0
7278,1,0,0
7279,1,0,0
7280,1,0,0
7281,1,0,0
7282,1,0,0
7283,1,0,0
7284,1,0,0
7285,0,0,1
7286,0,0,1
7287,1,0,0
7288,0,0,1
7289,0,0,1
7290,1,0,0
7291,1,0,0
7292,1,0,0
7293,0,0,1
7294,1,0,0
7295,0,0,1
7296,1,0,0
7297,0,0,1
7298,0,0,1
7299,1,0,0
7300,1,0,0
7301,1,0,0
7302,0,0,1
7303,1,0,0
7304,1,0,0
7305,1,0,0
7306,0,0,1
7307,1,0,0
7308,1,0,0
7309,1,0,0
7310,1,0,0
7311,0,0,1
7312,1,0,0
7313,1,0,0
7314,1,0,0
7315,0,0,1
7316,1,0,0
7317,1,0,0
7318,1,0,0
7319,1,0,0
7320,0,0,1
7321,0,0,1
7322,0,0,1
7323,1,0,0
7324,0,0,1
7325,0,0,1
7326,1,0,0
7327,1,0,0
7328,0,0,1
7329,1,0,0
7330,0,0,1
7331,1,0,0
7332,0,0,1
7333,1,0,0
7334,1,0,0
7335,1,0,0
7336,1,0,0
7337,0,0,1
7338,1,0,0
7339,0,0,1
7340,1,0,0
7341,1,0,0
7342,1,0,0
7343,1,0,0
7344,1,0,0
7345,1,0,0
7346,1,0,0
7347,1,0,0
7348,0,0,1
7349,1,0,0
7350,0,0,1
7351,1,0,0
7352,1,0,0
7353,1,0,0
7354,1,0,0
7355,1,0,0
7356,1,0,0
7357,1,0,0
7358,1,0,0
7359,1,0,0
7360,0,0,1
7361,1,0,0
7362,1,0,0
7363,1,0,0
7364,1,0,0
7365,1,0,0
7366,0,0,1
7367,1,0,0
7368,1,0,0
7369,1,0,0
7370,1,0,0
7371,1,0,0
7372,0,0,1
7373,0,0,1
7374,0,0,1
7375,1,0,0
7376,1,0,0
7377,0,0,1
7378,1,0,0
7379,0,0,1
7380,1,0,0
7381,1,0,0
7382,0,0,1
7383,1,0,0
7384,1,0,0
7385,1,0,0
7386,0,0,1
7387,0,0,1
7388,1,0,0
7389,1,0,0
7390,1,0,0
7391,1,0,0
7392,1,0,0
7393,1,0,0
7394,0,0,1
7395,1,0,0
7396,1,0,0
7397,1,0,0
7398,0,0,1
7399,0,0,1
7400,0,0,1
7401,1,0,0
7402,1,0,0
7403,0,0,1
7404,1,0,0
7405,0,0,1
7406,1,0,0
7407,0,0,1
7408,1,0,0
7409,1,0,0
7410,1,0,0
7411,0,0,1
7412,0,0,1
7413,0,0,1
7414,1,0,0
7415,0,0,1
7416,1,0,0
7417,1,0,0
7418,1,0,0
7419,1,0,0
7420,1,0,0
7421,1,0,0
7422,1,0,0
7423,1,0,0
7424,1,0,0
7425,1,0,0
7426,1,0,0
7427,0,0,1
7428,1,0,0
7429,0,0,1
7430,1,0,0
7431,0,0,1
7432,0,0,1
7433,0,0,1
7434,1,0,0
7435,0,0,1
7436,1,0,0
7437,1,0,0
7438,1,0,0
7439,1,0,0
7440,0,0,1
7441,0,0,1
7442,1,0,0
7443,1,0,0
7444,1,0,0
7445,0,0,1
7446,0,0,1
7447,0,0,1
7448,0,0,1
7449,1,0,0
7450,1,0,0
7451,1,0,0
7452,1,0,0
7453,1,0,0
7454,1,0,0
7455,1,0,0
7456,0,0,1
7457,1,0,0
7458,0,0,1
7459,1,0,0
7460,0,0,1
7461,1,0,0
7462,1,0,0
7463,1,0,0
7464,0,1,0
7465,1,0,0
7466,1,0,0
7467,0,0,1
7468,1,0,0
7469,1,0,0
7470,1,0,0
7471,1,0,0
7472,1,0,0
7473,1,0,0
7474,0,0,1
7475,1,0,0
7476,0,0,1
7477,1,0,0
7478,1,0,0
7479,1,0,0
7480,0,0,1
7481,1,0,0
7482,1,0,0
7483,1,0,0
7484,1,0,0
7485,0,0,1
7486,1,0,0
7487,1,0,0
7488,0,0,1
7489,1,0,0
7490,1,0,0
7491,1,0,0
7492,0,0,1
7493,1,0,0
7494,0,0,1
7495,0,0,1
7496,1,0,0
7497,1,0,0
7498,1,0,0
7499,1,0,0
7500,1,0,0
7501,1,0,0
7502,1,0,0
7503,0,0,1
7504,0,0,1
7505,0,0,1
7506,1,0,0
7507,1,0,0
7508,1,0,0
7509,0,0,1
7510,1,0,0
7511,1,0,0
7512,1,0,0
7513,0,0,1
7514,0,0,1
7515,1,0,0
7516,0,1,0
7517,1,0,0
7518,1,0,0
7519,1,0,0
7520,1,0,0
7521,0,0,1
7522,1,0,0
7523,1,0,0
7524,0,0,1
7525,1,0,0
7526,1,0,0
7527,1,0,0
7528,0,0,1
7529,1,0,0
7530,0,0,1
7531,0,0,1
7532,1,0,0
7533,0,0,1
7534,1,0,0
7535,1,0,0
7536,1,0,0
7537,0,0,1
7538,0,0,1
7539,1,0,0
7540,1,0,0
7541,0,0,1
7542,1,0,0
7543,0,0,1
7544,0,0,1
7545,0,0,1
7546,1,0,0
7547,0,0,1
7548,1,0,0
7549,1,0,0
7550,0,0,1
7551,0,0,1
7552,1,0,0
7553,1,0,0
7554,0,0,1
7555,1,0,0
7556,1,0,0
7557,1,0,0
7558,0,0,1
7559,0,0,1
7560,0,0,1
7561,0,0,1
7562,1,0,0
7563,1,0,0
7564,0,0,1
7565,1,0,0
7566,1,0,0
7567,1,0,0
7568,0,0,1
7569,0,0,1
7570,1,0,0
7571,1,0,0
7572,1,0,0
7573,0,0,1
7574,1,0,0
7575,1,0,0
7576,1,0,0
7577,1,0,0
7578,1,0,0
7579,1,0,0
7580,1,0,0
7581,1,0,0
7582,0,0,1
7583,1,0,0
7584,1,0,0
7585,1,0,0
7586,0,0,1
7587,1,0,0
7588,1,0,0
7589,1,0,0
7590,1,0,0
7591,1,0,0
7592,0,0,1
7593,1,0,0
7594,0,0,1
7595,0,0,1
7596,0,0,1
7597,0,0,1
7598,1,0,0
7599,1,0,0
7600,1,0,0
7601,0,0,1
7602,1,0,0
7603,0,0,1
7604,0,0,1
7605,1,0,0
7606,1,0,0
7607,1,0,0
7608,0,0,1
7609,1,0,0
7610,1,0,0
7611,1,0,0
7612,1,0,0
7613,0,0,1
7614,0,0,1
7615,1,0,0
7616,1,0,0
7617,1,0,0
7618,1,0,0
7619,1,0,0
7620,0,0,1
7621,1,0,0
7622,1,0,0
7623,1,0,0
7624,1,0,0
7625,1,0,0
7626,1,0,0
7627,1,0,0
7628,0,0,1
7629,1,0,0
7630,0,0,1
7631,0,0,1
7632,1,0,0
7633,1,0,0
7634,1,0,0
7635,1,0,0
7636,1,0,0
7637,1,0,0
7638,0,0,1
7639,1,0,0
7640,0,0,1
7641,1,0,0
7642,1,0,0
7643,1,0,0
7644,1,0,0
7645,0,0,1
7646,0,0,1
7647,1,0,0
7648,1,0,0
7649,1,0,0
7650,1,0,0
7651,0,0,1
7652,1,0,0
7653,1,0,0
7654,1,0,0
7655,1,0,0
7656,1,0,0
7657,1,0,0
7658,1,0,0
7659,1,0,0
7660,1,0,0
7661,1,0,0
7662,1,0,0
7663,0,0,1
7664,1,0,0
7665,0,0,1
7666,1,0,0
7667,1,0,0
7668,1,0,0
7669,1,0,0
7670,1,0,0
7671,0,0,1
7672,1,0,0
7673,1,0,0
7674,1,0,0
7675,0,0,1
7676,1,0,0
7677,1,0,0
7678,1,0,0
7679,1,0,0
7680,1,0,0
7681,1,0,0
7682,1,0,0
7683,1,0,0
7684,1,0,0
7685,1,0,0
7686,0,0,1
7687,1,0,0
7688,1,0,0
7689,0,0,1
7690,1,0,0
7691,1,0,0
7692,1,0,0
7693,1,0,0
7694,1,0,0
7695,1,0,0
7696,1,0,0
7697,1,0,0
7698,0,0,1
7699,1,0,0
7700,0,0,1
7701,0,0,1
7702,0,0,1
7703,1,0,0
7704,1,0,0
7705,0,0,1
7706,1,0,0
7707,1,0,0
7708,0,0,1
7709,1,0,0
7710,1,0,0
7711,1,0,0
7712,1,0,0
7713,1,0,0
7714,1,0,0
7715,1,0,0
7716,1,0,0
7717,0,0,1
7718,1,0,0
7719,0,0,1
7720,1,0,0
7721,1,0,0
7722,1,0,0
7723,1,0,0
7724,0,0,1
7725,1,0,0
7726,1,0,0
7727,1,0,0
7728,1,0,0
7729,1,0,0
7730,1,0,0
7731,1,0,0
7732,1,0,0
7733,1,0,0
7734,0,0,1
7735,1,0,0
7736,1,0,0
7737,1,0,0
7738,1,0,0
7739,1,0,0
7740,0,0,1
7741,1,0,0
7742,1,0,0
7743,1,0,0
7744,1,0,0
7745,0,0,1
7746,0,0,1
7747,1,0,0
7748,1,0,0
7749,1,0,0
7750,1,0,0
7751,1,0,0
7752,1,0,0
7753,1,0,0
7754,1,0,0
7755,0,0,1
7756,1,0,0
7757,1,0,0
7758,1,0,0
7759,1,0,0
7760,1,0,0
7761,1,0,0
7762,1,0,0
7763,0,0,1
7764,1,0,0
7765,0,0,1
7766,0,0,1
7767,0,0,1
7768,1,0,0
7769,1,0,0
7770,1,0,0
7771,1,0,0
7772,0,0,1
7773,1,0,0
7774,1,0,0
7775,1,0,0
7776,0,0,1
7777,1,0,0
7778,1,0,0
7779,1,0,0
7780,1,0,0
7781,1,0,0
7782,1,0,0
7783,1,0,0
7784,1,0,0
7785,1,0,0
7786,1,0,0
7787,0,0,1
7788,0,0,1
7789,1,0,0
7790,0,0,1
7791,0,0,1
7792,1,0,0
7793,1,0,0
7794,1,0,0
7795,1,0,0
7796,1,0,0
7797,0,0,1
7798,0,0,1
7799,1,0,0
7800,1,0,0
7801,1,0,0
7802,1,0,0
7803,0,0,1
7804,1,0,0
7805,1,0,0
7806,1,0,0
7807,0,0,1
7808,1,0,0
7809,1,0,0
7810,1,0,0
7811,1,0,0
7812,1,0,0
7813,1,0,0
7814,1,0,0
7815,1,0,0
7816,1,0,0
7817,0,0,1
7818,1,0,0
7819,1,0,0
7820,1,0,0
7821,0,0,1
7822,1,0,0
7823,1,0,0
7824,1,0,0
7825,1,0,0
7826,1,0,0
7827,1,0,0
7828,0,0,1
7829,0,0,1
7830,0,0,1
7831,1,0,0
7832,0,0,1
7833,1,0,0
7834,0,0,1
7835,1,0,0
7836,1,0,0
7837,1,0,0
7838,1,0,0
7839,1,0,0
7840,1,0,0
7841,0,0,1
7842,1,0,0
7843,1,0,0
7844,1,0,0
7845,1,0,0
7846,1,0,0
7847,1,0,0
7848,1,0,0
7849,0,0,1
7850,1,0,0
7851,1,0,0
7852,1,0,0
7853,1,0,0
7854,1,0,0
7855,0,0,1
7856,1,0,0
7857,1,0,0
7858,1,0,0
7859,0,0,1
7860,1,0,0
7861,1,0,0
7862,1,0,0
7863,0,0,1
7864,0,0,1
7865,1,0,0
7866,0,0,1
7867,1,0,0
7868,0,0,1
7869,1,0,0
7870,1,0,0
7871,0,0,1
7872,1,0,0
7873,1,0,0
7874,0,0,1
7875,1,0,0
7876,1,0,0
7877,1,0,0
7878,1,0,0
7879,1,0,0
7880,0,0,1
7881,1,0,0
7882,1,0,0
7883,1,0,0
7884,0,0,1
7885,0,0,1
7886,1,0,0
7887,1,0,0
7888,1,0,0
7889,1,0,0
7890,1,0,0
7891,1,0,0
7892,1,0,0
7893,1,0,0
7894,0,0,1
7895,0,0,1
7896,1,0,0
7897,1,0,0
7898,1,0,0
7899,1,0,0
7900,0,0,1
7901,1,0,0
7902,1,0,0
7903,1,0,0
7904,0,0,1
7905,0,0,1
7906,1,0,0
7907,1,0,0
7908,1,0,0
7909,1,0,0
7910,1,0,0
7911,1,0,0
7912,0,0,1
7913,0,0,1
7914,1,0,0
7915,1,0,0
7916,1,0,0
7917,1,0,0
7918,1,0,0
7919,1,0,0
7920,1,0,0
7921,1,0,0
7922,1,0,0
7923,1,0,0
7924,0,0,1
7925,1,0,0
7926,1,0,0
7927,0,0,1
7928,0,0,1
7929,0,0,1
7930,1,0,0
7931,1,0,0
7932,1,0,0
7933,1,0,0
7934,0,0,1
7935,1,0,0
